,Kingdom,Phylum,Class,Order,Family,Genus,Species,Binomial
ASV_1,k__Fungi,p__Glomeromycota,c__Glomeromycetes,o__Glomerales,f__Glomeraceae,NA,NA,NA
ASV_2,k__Fungi,p__Glomeromycota,c__Glomeromycetes,o__Diversisporales,f__Acaulosporaceae,g__Acaulospora,s__spinosa,Acaulospora spinosa
ASV_3,k__Fungi,p__Glomeromycota,c__Paraglomeromycetes,o__Paraglomerales,f__Paraglomeraceae,g__Paraglomus,NA,NA
ASV_4,k__Fungi,p__Glomeromycota,c__Glomeromycetes,o__Glomerales,f__Glomeraceae,NA,NA,NA
ASV_5,k__Fungi,p__Glomeromycota,c__Paraglomeromycetes,o__Paraglomerales,f__Paraglomeraceae,g__Paraglomus,s__brasilianum,Paraglomus brasilianum
ASV_6,k__Fungi,p__Glomeromycota,c__Paraglomeromycetes,o__Paraglomerales,f__Paraglomeraceae,g__Paraglomus,s__brasilianum,Paraglomus brasilianum
ASV_7,k__Fungi,p__Glomeromycota,c__Paraglomeromycetes,o__Paraglomerales,f__Paraglomeraceae,g__Paraglomus,s__brasilianum,Paraglomus brasilianum
ASV_8,k__Fungi,p__Glomeromycota,c__Paraglomeromycetes,o__Paraglomerales,f__Paraglomeraceae,g__Paraglomus,s__brasilianum,Paraglomus brasilianum
ASV_9,k__Fungi,p__Glomeromycota,c__Glomeromycetes,o__Glomerales,f__Glomeraceae,NA,NA,NA
ASV_10,k__Fungi,p__Glomeromycota,c__Paraglomeromycetes,o__Paraglomerales,f__Paraglomeraceae,g__Paraglomus,s__occultum,Paraglomus occultum
ASV_11,k__Fungi,p__Glomeromycota,c__Glomeromycetes,o__Glomerales,f__Glomeraceae,NA,NA,NA
ASV_12,k__Fungi,p__Glomeromycota,c__Paraglomeromycetes,o__Paraglomerales,f__Paraglomeraceae,g__Paraglomus,s__brasilianum,Paraglomus brasilianum
ASV_13,k__Fungi,p__Glomeromycota,c__Glomeromycetes,o__Glomerales,f__Glomeraceae,NA,NA,NA
ASV_14,k__Fungi,p__Glomeromycota,c__Paraglomeromycetes,o__Paraglomerales,f__Paraglomeraceae,g__Paraglomus,s__brasilianum,Paraglomus brasilianum
ASV_15,k__Fungi,p__Glomeromycota,c__Glomeromycetes,o__Glomerales,f__Glomeraceae,NA,NA,NA
ASV_16,k__Fungi,p__Glomeromycota,c__Glomeromycetes,o__Glomerales,f__Glomeraceae,NA,NA,NA
ASV_17,k__Fungi,p__Glomeromycota,c__Glomeromycetes,o__Glomerales,f__Glomeraceae,NA,NA,NA
ASV_18,k__Fungi,p__Glomeromycota,c__Paraglomeromycetes,o__Paraglomerales,f__Paraglomeraceae,g__Paraglomus,s__brasilianum,Paraglomus brasilianum
ASV_19,k__Fungi,p__Glomeromycota,c__Paraglomeromycetes,o__Paraglomerales,f__Paraglomeraceae,g__Paraglomus,s__brasilianum,Paraglomus brasilianum
ASV_20,k__Fungi,p__Glomeromycota,c__Paraglomeromycetes,o__Paraglomerales,f__Paraglomeraceae,g__Paraglomus,s__occultum,Paraglomus occultum
ASV_21,k__Fungi,p__Glomeromycota,c__Paraglomeromycetes,o__Paraglomerales,f__Paraglomeraceae,g__Paraglomus,NA,NA
ASV_22,k__Fungi,p__Glomeromycota,c__Paraglomeromycetes,o__Paraglomerales,f__Paraglomeraceae,g__Paraglomus,NA,NA
ASV_23,k__Fungi,p__Glomeromycota,c__Paraglomeromycetes,o__Paraglomerales,f__Paraglomeraceae,g__Paraglomus,s__brasilianum,Paraglomus brasilianum
ASV_24,k__Fungi,p__Glomeromycota,c__Glomeromycetes,o__Glomerales,f__Glomeraceae,NA,NA,NA
ASV_25,k__Fungi,p__Glomeromycota,c__Glomeromycetes,o__Glomerales,f__Glomeraceae,NA,NA,NA
ASV_26,k__Fungi,p__Glomeromycota,c__Paraglomeromycetes,o__Paraglomerales,f__Paraglomeraceae,g__Paraglomus,s__brasilianum,Paraglomus brasilianum
ASV_27,k__Fungi,p__Glomeromycota,c__Paraglomeromycetes,o__Paraglomerales,f__Paraglomeraceae,g__Paraglomus,s__brasilianum,Paraglomus brasilianum
ASV_28,k__Fungi,p__Glomeromycota,c__Paraglomeromycetes,o__Paraglomerales,f__Paraglomeraceae,g__Paraglomus,s__occultum,Paraglomus occultum
ASV_29,k__Fungi,p__Glomeromycota,c__Paraglomeromycetes,o__Paraglomerales,f__Paraglomeraceae,g__Paraglomus,NA,NA
ASV_30,k__Fungi,p__Glomeromycota,c__Glomeromycetes,o__Glomerales,f__Glomeraceae,g__Glomus,s__indicum,Glomus indicum
ASV_31,k__Fungi,p__Glomeromycota,c__Paraglomeromycetes,o__Paraglomerales,f__Paraglomeraceae,g__Paraglomus,s__occultum,Paraglomus occultum
ASV_32,k__Fungi,p__Glomeromycota,c__Paraglomeromycetes,o__Paraglomerales,f__Paraglomeraceae,g__Paraglomus,s__brasilianum,Paraglomus brasilianum
ASV_33,k__Fungi,p__Glomeromycota,c__Paraglomeromycetes,o__Paraglomerales,f__Paraglomeraceae,g__Paraglomus,s__brasilianum,Paraglomus brasilianum
ASV_34,k__Fungi,p__Glomeromycota,c__Paraglomeromycetes,o__Paraglomerales,f__Paraglomeraceae,g__Paraglomus,s__brasilianum,Paraglomus brasilianum
ASV_35,k__Fungi,p__Glomeromycota,c__Glomeromycetes,o__Glomerales,f__Glomeraceae,NA,NA,NA
ASV_36,k__Fungi,p__Glomeromycota,c__Glomeromycetes,o__Glomerales,f__Glomeraceae,NA,NA,NA
ASV_37,k__Fungi,p__Glomeromycota,c__Paraglomeromycetes,o__Paraglomerales,f__Paraglomeraceae,g__Paraglomus,s__brasilianum,Paraglomus brasilianum
ASV_38,k__Fungi,p__Glomeromycota,c__Paraglomeromycetes,o__Paraglomerales,f__Paraglomeraceae,g__Paraglomus,s__brasilianum,Paraglomus brasilianum
ASV_39,k__Fungi,p__Glomeromycota,c__Paraglomeromycetes,o__Paraglomerales,f__Paraglomeraceae,g__Paraglomus,NA,NA
ASV_40,k__Fungi,p__Glomeromycota,c__Paraglomeromycetes,o__Paraglomerales,f__Paraglomeraceae,g__Paraglomus,s__occultum,Paraglomus occultum
ASV_41,k__Fungi,p__Glomeromycota,c__Paraglomeromycetes,o__Paraglomerales,f__Paraglomeraceae,g__Paraglomus,NA,NA
ASV_42,k__Fungi,p__Glomeromycota,c__Glomeromycetes,o__Glomerales,f__Glomeraceae,g__Glomus,s__indicum,Glomus indicum
ASV_43,k__Fungi,p__Glomeromycota,c__Paraglomeromycetes,o__Paraglomerales,f__Paraglomeraceae,g__Paraglomus,s__brasilianum,Paraglomus brasilianum
ASV_44,k__Fungi,p__Glomeromycota,c__Paraglomeromycetes,o__Paraglomerales,f__Paraglomeraceae,g__Paraglomus,NA,NA
ASV_45,k__Fungi,p__Glomeromycota,c__Paraglomeromycetes,o__Paraglomerales,f__Paraglomeraceae,g__Paraglomus,s__brasilianum,Paraglomus brasilianum
ASV_46,k__Fungi,p__Glomeromycota,c__Paraglomeromycetes,o__Paraglomerales,f__Paraglomeraceae,g__Paraglomus,NA,NA
ASV_47,k__Fungi,p__Glomeromycota,c__Paraglomeromycetes,o__Paraglomerales,f__Paraglomeraceae,g__Paraglomus,s__occultum,Paraglomus occultum
ASV_48,k__Fungi,p__Glomeromycota,c__Paraglomeromycetes,o__Paraglomerales,f__Paraglomeraceae,g__Paraglomus,NA,NA
ASV_49,k__Fungi,p__Glomeromycota,c__Paraglomeromycetes,o__Paraglomerales,f__Paraglomeraceae,g__Paraglomus,s__brasilianum,Paraglomus brasilianum
ASV_50,k__Fungi,p__Glomeromycota,c__Paraglomeromycetes,o__Paraglomerales,f__Paraglomeraceae,g__Paraglomus,s__occultum,Paraglomus occultum
ASV_51,k__Fungi,p__Glomeromycota,c__Glomeromycetes,o__Diversisporales,f__Diversisporaceae,g__Diversispora,s__epigaea,Diversispora epigaea
ASV_52,k__Fungi,p__Glomeromycota,c__Paraglomeromycetes,o__Paraglomerales,f__Paraglomeraceae,g__Paraglomus,NA,NA
ASV_53,k__Fungi,p__Glomeromycota,c__Paraglomeromycetes,o__Paraglomerales,f__Paraglomeraceae,g__Paraglomus,s__brasilianum,Paraglomus brasilianum
ASV_54,k__Fungi,p__Glomeromycota,c__Glomeromycetes,o__Glomerales,f__Glomeraceae,NA,NA,NA
ASV_55,k__Fungi,p__Glomeromycota,c__Paraglomeromycetes,o__Paraglomerales,f__Paraglomeraceae,g__Paraglomus,s__brasilianum,Paraglomus brasilianum
ASV_56,k__Fungi,p__Glomeromycota,c__Paraglomeromycetes,o__Paraglomerales,f__Paraglomeraceae,g__Paraglomus,NA,NA
ASV_57,k__Fungi,p__Glomeromycota,c__Paraglomeromycetes,o__Paraglomerales,f__Paraglomeraceae,g__Paraglomus,s__brasilianum,Paraglomus brasilianum
ASV_58,k__Fungi,p__Glomeromycota,c__Glomeromycetes,o__Glomerales,f__Glomeraceae,NA,NA,NA
ASV_59,k__Fungi,p__Glomeromycota,c__Paraglomeromycetes,o__Paraglomerales,f__Paraglomeraceae,g__Paraglomus,s__brasilianum,Paraglomus brasilianum
ASV_60,k__Fungi,p__Glomeromycota,NA,NA,NA,NA,NA,NA
ASV_61,k__Fungi,p__Glomeromycota,c__Paraglomeromycetes,o__Paraglomerales,f__Paraglomeraceae,g__Paraglomus,s__occultum,Paraglomus occultum
ASV_62,k__Fungi,p__Glomeromycota,c__Paraglomeromycetes,o__Paraglomerales,f__Paraglomeraceae,g__Paraglomus,s__brasilianum,Paraglomus brasilianum
ASV_63,k__Fungi,p__Glomeromycota,c__Paraglomeromycetes,o__Paraglomerales,f__Paraglomeraceae,g__Paraglomus,NA,NA
ASV_64,k__Fungi,p__Glomeromycota,c__Paraglomeromycetes,o__Paraglomerales,NA,NA,NA,NA
ASV_65,k__Fungi,p__Glomeromycota,c__Paraglomeromycetes,o__Paraglomerales,f__Paraglomeraceae,g__Paraglomus,s__brasilianum,Paraglomus brasilianum
ASV_66,k__Fungi,p__Glomeromycota,c__Glomeromycetes,o__Glomerales,f__Glomeraceae,g__Glomus,s__indicum,Glomus indicum
ASV_67,k__Fungi,p__Glomeromycota,c__Glomeromycetes,o__Glomerales,f__Glomeraceae,NA,NA,NA
ASV_68,k__Fungi,p__Glomeromycota,c__Paraglomeromycetes,o__Paraglomerales,f__Paraglomeraceae,g__Paraglomus,s__occultum,Paraglomus occultum
ASV_69,k__Fungi,p__Glomeromycota,c__Paraglomeromycetes,o__Paraglomerales,f__Paraglomeraceae,g__Paraglomus,s__brasilianum,Paraglomus brasilianum
ASV_70,k__Fungi,p__Glomeromycota,c__Paraglomeromycetes,o__Paraglomerales,f__Paraglomeraceae,g__Paraglomus,s__occultum,Paraglomus occultum
ASV_71,k__Fungi,p__Glomeromycota,c__Glomeromycetes,o__Glomerales,f__Glomeraceae,g__Glomus,s__indicum,Glomus indicum
ASV_72,k__Fungi,p__Glomeromycota,c__Paraglomeromycetes,o__Paraglomerales,f__Paraglomeraceae,g__Paraglomus,s__brasilianum,Paraglomus brasilianum
ASV_73,k__Fungi,p__Glomeromycota,c__Paraglomeromycetes,o__Paraglomerales,f__Paraglomeraceae,g__Paraglomus,s__brasilianum,Paraglomus brasilianum
ASV_74,k__Fungi,p__Glomeromycota,c__Glomeromycetes,o__Glomerales,f__Glomeraceae,g__Dominikia,s__difficilevidera,Dominikia difficilevidera
ASV_75,k__Fungi,p__Glomeromycota,c__Glomeromycetes,o__Glomerales,f__Glomeraceae,NA,NA,NA
ASV_76,k__Fungi,p__Glomeromycota,c__Glomeromycetes,o__Gigasporales,f__Gigasporaceae,g__Scutellospora,s__alterata,Scutellospora alterata
ASV_77,k__Fungi,p__Glomeromycota,c__Glomeromycetes,o__Glomerales,f__Glomeraceae,NA,NA,NA
ASV_78,k__Fungi,p__Glomeromycota,c__Glomeromycetes,o__Glomerales,f__Glomeraceae,g__Glomus,s__indicum,Glomus indicum
ASV_79,k__Fungi,p__Glomeromycota,c__Glomeromycetes,o__Diversisporales,f__Acaulosporaceae,g__Acaulospora,s__spinosa,Acaulospora spinosa
ASV_80,k__Fungi,p__Glomeromycota,c__Glomeromycetes,o__Glomerales,f__Glomeraceae,NA,NA,NA
ASV_81,k__Fungi,p__Glomeromycota,c__Paraglomeromycetes,o__Paraglomerales,f__Paraglomeraceae,g__Paraglomus,NA,NA
ASV_82,k__Fungi,p__Glomeromycota,c__Paraglomeromycetes,o__Paraglomerales,f__Paraglomeraceae,g__Paraglomus,NA,NA
ASV_83,k__Fungi,p__Glomeromycota,c__Glomeromycetes,o__Diversisporales,f__Diversisporaceae,g__Diversispora,s__epigaea,Diversispora epigaea
ASV_84,k__Fungi,p__Glomeromycota,NA,NA,NA,NA,NA,NA
ASV_85,k__Fungi,p__Glomeromycota,c__Paraglomeromycetes,o__Paraglomerales,f__Paraglomeraceae,g__Paraglomus,NA,NA
ASV_86,k__Fungi,p__Glomeromycota,c__Paraglomeromycetes,o__Paraglomerales,f__Paraglomeraceae,g__Paraglomus,s__brasilianum,Paraglomus brasilianum
ASV_87,k__Fungi,p__Glomeromycota,NA,NA,NA,NA,NA,NA
ASV_88,k__Fungi,p__Glomeromycota,c__Paraglomeromycetes,o__Paraglomerales,f__Paraglomeraceae,g__Paraglomus,s__brasilianum,Paraglomus brasilianum
ASV_89,k__Fungi,p__Glomeromycota,c__Glomeromycetes,o__Diversisporales,f__Acaulosporaceae,g__Acaulospora,s__spinosa,Acaulospora spinosa
ASV_90,k__Fungi,p__Glomeromycota,c__Paraglomeromycetes,o__Paraglomerales,f__Paraglomeraceae,g__Paraglomus,s__brasilianum,Paraglomus brasilianum
ASV_91,k__Fungi,p__Glomeromycota,c__Paraglomeromycetes,o__Paraglomerales,f__Paraglomeraceae,g__Paraglomus,s__occultum,Paraglomus occultum
ASV_92,k__Fungi,p__Glomeromycota,c__Glomeromycetes,o__Glomerales,f__Glomeraceae,NA,NA,NA
ASV_93,k__Fungi,p__Glomeromycota,c__Paraglomeromycetes,o__Paraglomerales,f__Paraglomeraceae,g__Paraglomus,NA,NA
ASV_94,k__Fungi,p__Glomeromycota,c__Paraglomeromycetes,o__Paraglomerales,f__Paraglomeraceae,g__Paraglomus,s__brasilianum,Paraglomus brasilianum
ASV_95,k__Fungi,p__Glomeromycota,c__Paraglomeromycetes,o__Paraglomerales,f__Paraglomeraceae,g__Paraglomus,s__brasilianum,Paraglomus brasilianum
ASV_96,k__Fungi,p__Glomeromycota,c__Glomeromycetes,o__Glomerales,f__Glomeraceae,g__Glomus,s__indicum,Glomus indicum
ASV_97,k__Fungi,p__Glomeromycota,c__Paraglomeromycetes,o__Paraglomerales,f__Paraglomeraceae,g__Paraglomus,s__brasilianum,Paraglomus brasilianum
ASV_98,k__Fungi,p__Glomeromycota,c__Glomeromycetes,o__Glomerales,f__Glomeraceae,g__Glomus,s__indicum,Glomus indicum
ASV_99,k__Fungi,p__Glomeromycota,c__Paraglomeromycetes,o__Paraglomerales,f__Paraglomeraceae,g__Paraglomus,s__brasilianum,Paraglomus brasilianum
ASV_100,k__Fungi,p__Glomeromycota,c__Glomeromycetes,o__Glomerales,f__Glomeraceae,g__Glomus,s__indicum,Glomus indicum
ASV_101,k__Fungi,p__Glomeromycota,c__Paraglomeromycetes,o__Paraglomerales,f__Paraglomeraceae,g__Paraglomus,s__brasilianum,Paraglomus brasilianum
ASV_102,k__Fungi,p__Glomeromycota,c__Paraglomeromycetes,o__Paraglomerales,f__Paraglomeraceae,g__Paraglomus,s__occultum,Paraglomus occultum
ASV_103,k__Fungi,p__Glomeromycota,c__Glomeromycetes,o__Gigasporales,f__Gigasporaceae,g__Scutellospora,s__alterata,Scutellospora alterata
ASV_104,k__Fungi,p__Glomeromycota,c__Paraglomeromycetes,o__Paraglomerales,NA,NA,NA,NA
ASV_105,k__Fungi,p__Glomeromycota,c__Glomeromycetes,o__Glomerales,f__Glomeraceae,NA,NA,NA
ASV_106,k__Fungi,p__Glomeromycota,c__Paraglomeromycetes,o__Paraglomerales,f__Paraglomeraceae,g__Paraglomus,s__occultum,Paraglomus occultum
ASV_107,k__Fungi,p__Glomeromycota,c__Paraglomeromycetes,o__Paraglomerales,f__Paraglomeraceae,g__Paraglomus,s__brasilianum,Paraglomus brasilianum
ASV_108,k__Fungi,p__Glomeromycota,c__Paraglomeromycetes,o__Paraglomerales,f__Paraglomeraceae,g__Paraglomus,s__brasilianum,Paraglomus brasilianum
ASV_109,k__Fungi,p__Glomeromycota,c__Paraglomeromycetes,o__Paraglomerales,f__Paraglomeraceae,g__Paraglomus,s__occultum,Paraglomus occultum
ASV_110,k__Fungi,p__Glomeromycota,c__Paraglomeromycetes,o__Paraglomerales,f__Paraglomeraceae,g__Paraglomus,s__brasilianum,Paraglomus brasilianum
ASV_111,k__Fungi,p__Glomeromycota,c__Paraglomeromycetes,o__Paraglomerales,f__Paraglomeraceae,g__Paraglomus,s__brasilianum,Paraglomus brasilianum
ASV_112,k__Fungi,p__Glomeromycota,c__Paraglomeromycetes,o__Paraglomerales,f__Paraglomeraceae,g__Paraglomus,s__occultum,Paraglomus occultum
ASV_113,k__Fungi,p__Glomeromycota,c__Paraglomeromycetes,o__Paraglomerales,f__Paraglomeraceae,g__Paraglomus,s__brasilianum,Paraglomus brasilianum
ASV_114,k__Fungi,p__Glomeromycota,c__Paraglomeromycetes,o__Paraglomerales,f__Paraglomeraceae,g__Paraglomus,s__brasilianum,Paraglomus brasilianum
ASV_115,k__Fungi,p__Glomeromycota,c__Paraglomeromycetes,o__Paraglomerales,f__Paraglomeraceae,g__Paraglomus,s__brasilianum,Paraglomus brasilianum
ASV_116,k__Fungi,p__Glomeromycota,c__Paraglomeromycetes,o__Paraglomerales,f__Paraglomeraceae,g__Paraglomus,s__brasilianum,Paraglomus brasilianum
ASV_117,k__Fungi,p__Glomeromycota,c__Paraglomeromycetes,o__Paraglomerales,f__Paraglomeraceae,g__Paraglomus,s__brasilianum,Paraglomus brasilianum
ASV_118,k__Fungi,p__Glomeromycota,c__Glomeromycetes,o__Gigasporales,f__Gigasporaceae,g__Cetraspora,s__gilmorei,Cetraspora gilmorei
ASV_119,k__Fungi,p__Glomeromycota,c__Paraglomeromycetes,o__Paraglomerales,f__Paraglomeraceae,g__Paraglomus,NA,NA
ASV_120,k__Fungi,p__Glomeromycota,c__Glomeromycetes,o__Diversisporales,f__Acaulosporaceae,g__Acaulospora,s__spinosa,Acaulospora spinosa
ASV_121,k__Fungi,p__Glomeromycota,c__Paraglomeromycetes,o__Paraglomerales,f__Paraglomeraceae,g__Paraglomus,s__brasilianum,Paraglomus brasilianum
ASV_122,k__Fungi,p__Glomeromycota,c__Paraglomeromycetes,o__Paraglomerales,f__Paraglomeraceae,g__Paraglomus,s__brasilianum,Paraglomus brasilianum
ASV_123,k__Fungi,p__Glomeromycota,c__Paraglomeromycetes,o__Paraglomerales,f__Paraglomeraceae,g__Paraglomus,s__brasilianum,Paraglomus brasilianum
ASV_124,k__Fungi,p__Glomeromycota,c__Paraglomeromycetes,o__Paraglomerales,f__Paraglomeraceae,g__Paraglomus,s__brasilianum,Paraglomus brasilianum
ASV_125,k__Fungi,p__Glomeromycota,c__Paraglomeromycetes,o__Paraglomerales,f__Paraglomeraceae,g__Paraglomus,s__occultum,Paraglomus occultum
ASV_126,k__Fungi,p__Glomeromycota,c__Glomeromycetes,o__Glomerales,f__Glomeraceae,g__Glomus,s__indicum,Glomus indicum
ASV_127,k__Fungi,p__Glomeromycota,c__Paraglomeromycetes,o__Paraglomerales,f__Paraglomeraceae,g__Paraglomus,NA,NA
ASV_128,k__Fungi,p__Glomeromycota,NA,NA,NA,NA,NA,NA
ASV_129,k__Fungi,p__Glomeromycota,c__Glomeromycetes,o__Glomerales,f__Glomeraceae,NA,NA,NA
ASV_130,k__Fungi,p__Glomeromycota,c__Paraglomeromycetes,o__Paraglomerales,f__Paraglomeraceae,g__Paraglomus,s__brasilianum,Paraglomus brasilianum
ASV_131,k__Fungi,p__Glomeromycota,c__Paraglomeromycetes,o__Paraglomerales,f__Paraglomeraceae,g__Paraglomus,NA,NA
ASV_132,k__Fungi,p__Glomeromycota,c__Paraglomeromycetes,o__Paraglomerales,f__Paraglomeraceae,g__Paraglomus,s__brasilianum,Paraglomus brasilianum
ASV_133,k__Fungi,p__Glomeromycota,c__Paraglomeromycetes,o__Paraglomerales,f__Paraglomeraceae,g__Paraglomus,NA,NA
ASV_134,k__Fungi,p__Glomeromycota,c__Paraglomeromycetes,o__Paraglomerales,f__Paraglomeraceae,g__Paraglomus,s__occultum,Paraglomus occultum
ASV_135,k__Fungi,p__Glomeromycota,c__Paraglomeromycetes,o__Paraglomerales,f__Paraglomeraceae,g__Paraglomus,NA,NA
ASV_136,k__Fungi,p__Glomeromycota,c__Paraglomeromycetes,o__Paraglomerales,f__Paraglomeraceae,g__Paraglomus,s__brasilianum,Paraglomus brasilianum
ASV_137,k__Fungi,p__Glomeromycota,c__Paraglomeromycetes,o__Paraglomerales,f__Paraglomeraceae,g__Paraglomus,NA,NA
ASV_138,k__Fungi,p__Glomeromycota,c__Paraglomeromycetes,o__Paraglomerales,f__Paraglomeraceae,g__Paraglomus,s__brasilianum,Paraglomus brasilianum
ASV_139,k__Fungi,p__Glomeromycota,c__Glomeromycetes,o__Glomerales,f__Glomeraceae,g__Glomus,s__indicum,Glomus indicum
ASV_140,k__Fungi,p__Glomeromycota,c__Paraglomeromycetes,o__Paraglomerales,f__Paraglomeraceae,g__Paraglomus,s__brasilianum,Paraglomus brasilianum
ASV_141,k__Fungi,p__Glomeromycota,c__Glomeromycetes,o__Glomerales,f__Glomeraceae,g__Glomus,s__indicum,Glomus indicum
ASV_142,k__Fungi,p__Glomeromycota,c__Glomeromycetes,o__Diversisporales,f__Diversisporaceae,NA,NA,NA
ASV_143,k__Fungi,p__Glomeromycota,c__Paraglomeromycetes,o__Paraglomerales,f__Paraglomeraceae,g__Paraglomus,s__brasilianum,Paraglomus brasilianum
ASV_144,k__Fungi,p__Glomeromycota,c__Paraglomeromycetes,o__Paraglomerales,f__Paraglomeraceae,g__Paraglomus,s__occultum,Paraglomus occultum
ASV_145,k__Fungi,p__Glomeromycota,c__Glomeromycetes,o__Diversisporales,f__Diversisporaceae,g__Diversispora,s__epigaea,Diversispora epigaea
ASV_146,k__Fungi,p__Glomeromycota,c__Paraglomeromycetes,o__Paraglomerales,f__Paraglomeraceae,g__Paraglomus,NA,NA
ASV_147,k__Fungi,p__Glomeromycota,c__Glomeromycetes,o__Gigasporales,f__Gigasporaceae,g__Scutellospora,s__alterata,Scutellospora alterata
ASV_148,k__Fungi,p__Glomeromycota,c__Glomeromycetes,o__Gigasporales,f__Gigasporaceae,g__Scutellospora,NA,NA
ASV_149,k__Fungi,p__Glomeromycota,c__Glomeromycetes,o__Gigasporales,f__Gigasporaceae,g__Scutellospora,NA,NA
ASV_150,k__Fungi,p__Glomeromycota,c__Paraglomeromycetes,o__Paraglomerales,f__Paraglomeraceae,g__Paraglomus,NA,NA
ASV_151,k__Fungi,p__Glomeromycota,c__Glomeromycetes,o__Diversisporales,f__Diversisporaceae,g__Diversispora,s__epigaea,Diversispora epigaea
ASV_152,k__Fungi,p__Glomeromycota,c__Glomeromycetes,o__Glomerales,f__Glomeraceae,NA,NA,NA
ASV_153,k__Fungi,p__Glomeromycota,c__Paraglomeromycetes,o__Paraglomerales,f__Paraglomeraceae,g__Paraglomus,NA,NA
ASV_154,k__Fungi,p__Glomeromycota,c__Paraglomeromycetes,o__Paraglomerales,f__Paraglomeraceae,g__Paraglomus,s__occultum,Paraglomus occultum
ASV_155,k__Fungi,p__Glomeromycota,c__Paraglomeromycetes,o__Paraglomerales,f__Paraglomeraceae,g__Paraglomus,s__brasilianum,Paraglomus brasilianum
ASV_156,k__Fungi,p__Glomeromycota,c__Paraglomeromycetes,o__Paraglomerales,f__Paraglomeraceae,g__Paraglomus,NA,NA
ASV_157,k__Fungi,p__Glomeromycota,c__Glomeromycetes,o__Glomerales,f__Glomeraceae,NA,NA,NA
ASV_158,k__Fungi,p__Glomeromycota,c__Paraglomeromycetes,o__Paraglomerales,f__Paraglomeraceae,g__Paraglomus,NA,NA
ASV_159,k__Fungi,p__Glomeromycota,c__Glomeromycetes,o__Glomerales,f__Glomeraceae,NA,NA,NA
ASV_160,k__Fungi,p__Glomeromycota,c__Glomeromycetes,o__Glomerales,f__Glomeraceae,g__Glomus,s__indicum,Glomus indicum
ASV_161,k__Fungi,p__Glomeromycota,c__Paraglomeromycetes,o__Paraglomerales,f__Paraglomeraceae,g__Paraglomus,s__brasilianum,Paraglomus brasilianum
ASV_162,k__Fungi,p__Glomeromycota,c__Glomeromycetes,o__Glomerales,f__Glomeraceae,NA,NA,NA
ASV_163,k__Fungi,p__Glomeromycota,c__Glomeromycetes,o__Glomerales,f__Glomeraceae,g__Glomus,s__indicum,Glomus indicum
ASV_164,k__Fungi,p__Glomeromycota,c__Glomeromycetes,o__Diversisporales,f__Diversisporaceae,NA,NA,NA
ASV_165,k__Fungi,p__Glomeromycota,c__Paraglomeromycetes,o__Paraglomerales,f__Paraglomeraceae,g__Paraglomus,s__brasilianum,Paraglomus brasilianum
ASV_166,k__Fungi,p__Glomeromycota,c__Glomeromycetes,o__Glomerales,f__Glomeraceae,g__Glomus,NA,NA
ASV_167,k__Fungi,p__Glomeromycota,c__Glomeromycetes,o__Glomerales,f__Glomeraceae,NA,NA,NA
ASV_168,k__Fungi,p__Glomeromycota,c__Glomeromycetes,o__Diversisporales,f__Diversisporaceae,NA,NA,NA
ASV_169,k__Fungi,p__Glomeromycota,c__Paraglomeromycetes,o__Paraglomerales,f__Paraglomeraceae,g__Paraglomus,NA,NA
ASV_170,k__Fungi,p__Glomeromycota,c__Paraglomeromycetes,o__Paraglomerales,f__Paraglomeraceae,g__Paraglomus,NA,NA
ASV_171,k__Fungi,p__Glomeromycota,c__Glomeromycetes,o__Diversisporales,f__Acaulosporaceae,g__Acaulospora,s__spinosa,Acaulospora spinosa
ASV_172,k__Fungi,p__Glomeromycota,c__Paraglomeromycetes,o__Paraglomerales,f__Paraglomeraceae,g__Paraglomus,NA,NA
ASV_173,k__Fungi,p__Glomeromycota,c__Glomeromycetes,o__Gigasporales,f__Gigasporaceae,g__Scutellospora,s__alterata,Scutellospora alterata
ASV_174,k__Fungi,p__Glomeromycota,c__Glomeromycetes,o__Glomerales,f__Glomeraceae,NA,NA,NA
ASV_175,k__Fungi,p__Glomeromycota,c__Glomeromycetes,o__Diversisporales,f__Diversisporaceae,NA,NA,NA
ASV_176,k__Fungi,p__Glomeromycota,c__Glomeromycetes,o__Glomerales,f__Glomeraceae,g__Dominikia,s__difficilevidera,Dominikia difficilevidera
ASV_177,k__Fungi,p__Glomeromycota,c__Paraglomeromycetes,NA,NA,NA,NA,NA
ASV_178,k__Fungi,p__Glomeromycota,c__Paraglomeromycetes,o__Paraglomerales,f__Paraglomeraceae,g__Paraglomus,s__brasilianum,Paraglomus brasilianum
ASV_179,k__Fungi,p__Glomeromycota,c__Glomeromycetes,o__Glomerales,f__Glomeraceae,g__Glomus,s__indicum,Glomus indicum
ASV_180,k__Fungi,p__Glomeromycota,c__Glomeromycetes,o__Glomerales,f__Glomeraceae,NA,NA,NA
ASV_181,k__Fungi,p__Glomeromycota,c__Paraglomeromycetes,o__Paraglomerales,f__Paraglomeraceae,g__Paraglomus,NA,NA
ASV_182,k__Fungi,p__Glomeromycota,c__Paraglomeromycetes,o__Paraglomerales,f__Paraglomeraceae,g__Paraglomus,NA,NA
ASV_183,k__Fungi,p__Glomeromycota,c__Glomeromycetes,o__Gigasporales,f__Gigasporaceae,g__Scutellospora,NA,NA
ASV_184,k__Fungi,p__Glomeromycota,c__Paraglomeromycetes,o__Paraglomerales,f__Paraglomeraceae,g__Paraglomus,NA,NA
ASV_185,k__Fungi,p__Glomeromycota,c__Glomeromycetes,o__Gigasporales,f__Gigasporaceae,g__Scutellospora,NA,NA
ASV_186,k__Fungi,p__Glomeromycota,c__Glomeromycetes,o__Glomerales,f__Glomeraceae,NA,NA,NA
ASV_187,k__Fungi,p__Glomeromycota,c__Paraglomeromycetes,o__Paraglomerales,f__Paraglomeraceae,NA,NA,NA
ASV_188,k__Fungi,p__Glomeromycota,c__Glomeromycetes,o__Diversisporales,f__Diversisporaceae,g__Diversispora,NA,NA
ASV_189,k__Fungi,p__Glomeromycota,c__Glomeromycetes,o__Glomerales,f__Glomeraceae,g__Glomus,s__indicum,Glomus indicum
ASV_190,k__Fungi,p__Glomeromycota,c__Paraglomeromycetes,o__Paraglomerales,f__Paraglomeraceae,g__Paraglomus,NA,NA
ASV_191,k__Fungi,p__Glomeromycota,c__Glomeromycetes,o__Glomerales,f__Glomeraceae,NA,NA,NA
ASV_192,k__Fungi,p__Glomeromycota,c__Glomeromycetes,o__Glomerales,f__Glomeraceae,g__Dominikia,s__difficilevidera,Dominikia difficilevidera
ASV_193,k__Fungi,p__Glomeromycota,c__Glomeromycetes,o__Glomerales,f__Glomeraceae,NA,NA,NA
ASV_194,k__Fungi,p__Glomeromycota,c__Glomeromycetes,o__Glomerales,f__Glomeraceae,g__Glomus,s__indicum,Glomus indicum
ASV_195,k__Fungi,p__Glomeromycota,c__Paraglomeromycetes,o__Paraglomerales,f__Paraglomeraceae,g__Paraglomus,NA,NA
ASV_196,k__Fungi,p__Glomeromycota,c__Paraglomeromycetes,o__Paraglomerales,f__Paraglomeraceae,g__Paraglomus,s__brasilianum,Paraglomus brasilianum
ASV_197,k__Fungi,p__Glomeromycota,c__Glomeromycetes,o__Glomerales,f__Glomeraceae,g__Glomus,s__indicum,Glomus indicum
ASV_198,k__Fungi,p__Glomeromycota,c__Glomeromycetes,o__Glomerales,f__Glomeraceae,NA,NA,NA
ASV_199,k__Fungi,p__Glomeromycota,c__Glomeromycetes,o__Glomerales,f__Glomeraceae,g__Glomus,s__macrocarpum,Glomus macrocarpum
ASV_200,k__Fungi,p__Glomeromycota,c__Paraglomeromycetes,o__Paraglomerales,f__Paraglomeraceae,g__Paraglomus,s__brasilianum,Paraglomus brasilianum
ASV_201,k__Fungi,p__Glomeromycota,c__Glomeromycetes,o__Glomerales,f__Glomeraceae,NA,NA,NA
ASV_202,k__Fungi,p__Glomeromycota,c__Glomeromycetes,o__Gigasporales,f__Gigasporaceae,g__Scutellospora,s__alterata,Scutellospora alterata
ASV_203,k__Fungi,p__Glomeromycota,c__Glomeromycetes,o__Glomerales,f__Glomeraceae,g__Glomus,s__indicum,Glomus indicum
ASV_204,k__Fungi,p__Glomeromycota,c__Paraglomeromycetes,o__Paraglomerales,f__Paraglomeraceae,g__Paraglomus,NA,NA
ASV_205,k__Fungi,p__Glomeromycota,c__Paraglomeromycetes,o__Paraglomerales,f__Paraglomeraceae,g__Paraglomus,NA,NA
ASV_206,k__Fungi,p__Glomeromycota,c__Glomeromycetes,o__Glomerales,f__Glomeraceae,NA,NA,NA
ASV_207,k__Fungi,p__Glomeromycota,c__Glomeromycetes,o__Diversisporales,f__Diversisporaceae,NA,NA,NA
ASV_208,k__Fungi,p__Glomeromycota,c__Paraglomeromycetes,o__Paraglomerales,f__Paraglomeraceae,g__Paraglomus,s__brasilianum,Paraglomus brasilianum
ASV_209,k__Fungi,p__Glomeromycota,c__Glomeromycetes,o__Glomerales,f__Glomeraceae,g__Glomus,s__indicum,Glomus indicum
ASV_210,k__Fungi,p__Glomeromycota,c__Paraglomeromycetes,o__Paraglomerales,f__Paraglomeraceae,g__Paraglomus,s__brasilianum,Paraglomus brasilianum
ASV_211,k__Fungi,p__Glomeromycota,c__Paraglomeromycetes,o__Paraglomerales,f__Paraglomeraceae,g__Paraglomus,NA,NA
ASV_212,k__Fungi,p__Glomeromycota,NA,NA,NA,NA,NA,NA
ASV_213,k__Fungi,p__Glomeromycota,c__Glomeromycetes,o__Glomerales,f__Glomeraceae,g__Dominikia,s__difficilevidera,Dominikia difficilevidera
ASV_214,k__Fungi,p__Glomeromycota,c__Paraglomeromycetes,o__Paraglomerales,f__Paraglomeraceae,g__Paraglomus,NA,NA
ASV_215,k__Fungi,p__Glomeromycota,c__Archaeosporomycetes,o__Archaeosporales,f__Archaeosporaceae,NA,NA,NA
ASV_216,k__Fungi,p__Glomeromycota,c__Glomeromycetes,o__Glomerales,f__Glomeraceae,g__Glomus,s__indicum,Glomus indicum
ASV_217,k__Fungi,p__Glomeromycota,c__Paraglomeromycetes,o__Paraglomerales,f__Paraglomeraceae,g__Paraglomus,s__occultum,Paraglomus occultum
ASV_218,k__Fungi,p__Glomeromycota,c__Glomeromycetes,o__Glomerales,f__Glomeraceae,g__Glomus,s__indicum,Glomus indicum
ASV_219,k__Fungi,p__Glomeromycota,c__Paraglomeromycetes,o__Paraglomerales,f__Paraglomeraceae,g__Paraglomus,NA,NA
ASV_220,k__Fungi,p__Glomeromycota,c__Glomeromycetes,o__Glomerales,f__Glomeraceae,NA,NA,NA
ASV_221,k__Fungi,p__Glomeromycota,c__Glomeromycetes,o__Glomerales,f__Glomeraceae,NA,NA,NA
ASV_222,k__Fungi,p__Glomeromycota,c__Glomeromycetes,o__Glomerales,f__Glomeraceae,NA,NA,NA
ASV_223,k__Fungi,p__Glomeromycota,c__Glomeromycetes,o__Gigasporales,f__Gigasporaceae,g__Scutellospora,NA,NA
ASV_224,k__Fungi,p__Glomeromycota,c__Glomeromycetes,o__Glomerales,f__Glomeraceae,NA,NA,NA
ASV_225,k__Fungi,p__Glomeromycota,c__Glomeromycetes,o__Glomerales,f__Glomeraceae,NA,NA,NA
ASV_226,k__Fungi,p__Glomeromycota,c__Glomeromycetes,o__Diversisporales,f__Diversisporaceae,g__Diversispora,s__eburnea,Diversispora eburnea
ASV_227,k__Fungi,p__Glomeromycota,c__Glomeromycetes,o__Glomerales,f__Glomeraceae,g__Dominikia,s__difficilevidera,Dominikia difficilevidera
ASV_228,k__Fungi,p__Glomeromycota,c__Glomeromycetes,o__Gigasporales,f__Gigasporaceae,g__Scutellospora,NA,NA
ASV_229,k__Fungi,p__Glomeromycota,c__Paraglomeromycetes,o__Paraglomerales,f__Paraglomeraceae,g__Paraglomus,NA,NA
ASV_230,k__Fungi,p__Glomeromycota,c__Glomeromycetes,o__Glomerales,f__Glomeraceae,g__Glomus,s__indicum,Glomus indicum
ASV_231,k__Fungi,p__Glomeromycota,c__Paraglomeromycetes,o__Paraglomerales,f__Paraglomeraceae,g__Paraglomus,s__brasilianum,Paraglomus brasilianum
ASV_232,k__Fungi,p__Glomeromycota,c__Glomeromycetes,o__Glomerales,f__Glomeraceae,NA,NA,NA
ASV_233,k__Fungi,p__Glomeromycota,c__Paraglomeromycetes,o__Paraglomerales,f__Paraglomeraceae,g__Paraglomus,NA,NA
ASV_234,k__Fungi,p__Glomeromycota,c__Paraglomeromycetes,o__Paraglomerales,f__Paraglomeraceae,g__Paraglomus,NA,NA
ASV_235,k__Fungi,p__Glomeromycota,c__Glomeromycetes,o__Gigasporales,f__Gigasporaceae,g__Scutellospora,s__alterata,Scutellospora alterata
ASV_236,k__Fungi,p__Glomeromycota,c__Paraglomeromycetes,o__Paraglomerales,NA,NA,NA,NA
ASV_237,k__Fungi,p__Glomeromycota,c__Paraglomeromycetes,o__Paraglomerales,f__Paraglomeraceae,g__Paraglomus,s__brasilianum,Paraglomus brasilianum
ASV_238,k__Fungi,p__Glomeromycota,c__Paraglomeromycetes,o__Paraglomerales,f__Paraglomeraceae,g__Paraglomus,s__brasilianum,Paraglomus brasilianum
ASV_239,k__Fungi,p__Glomeromycota,c__Glomeromycetes,o__Glomerales,f__Glomeraceae,NA,NA,NA
ASV_240,k__Fungi,p__Glomeromycota,c__Glomeromycetes,o__Glomerales,f__Glomeraceae,g__Septoglomus,s__viscosum,Septoglomus viscosum
ASV_241,k__Fungi,p__Glomeromycota,c__Glomeromycetes,o__Glomerales,f__Glomeraceae,g__Glomus,s__indicum,Glomus indicum
ASV_242,k__Fungi,p__Glomeromycota,c__Paraglomeromycetes,o__Paraglomerales,f__Paraglomeraceae,g__Paraglomus,s__occultum,Paraglomus occultum
ASV_243,k__Fungi,p__Glomeromycota,c__Archaeosporomycetes,o__Archaeosporales,f__Archaeosporaceae,NA,NA,NA
ASV_244,k__Fungi,p__Glomeromycota,c__Paraglomeromycetes,o__Paraglomerales,f__Paraglomeraceae,g__Paraglomus,NA,NA
ASV_245,k__Fungi,p__Glomeromycota,c__Paraglomeromycetes,o__Paraglomerales,f__Paraglomeraceae,g__Paraglomus,s__brasilianum,Paraglomus brasilianum
ASV_246,k__Fungi,p__Glomeromycota,c__Glomeromycetes,o__Glomerales,f__Glomeraceae,g__Glomus,s__indicum,Glomus indicum
ASV_247,k__Fungi,p__Glomeromycota,c__Glomeromycetes,o__Glomerales,f__Glomeraceae,NA,NA,NA
ASV_248,k__Fungi,p__Glomeromycota,c__Glomeromycetes,o__Glomerales,f__Glomeraceae,NA,NA,NA
ASV_249,k__Fungi,p__Glomeromycota,c__Glomeromycetes,o__Glomerales,f__Glomeraceae,g__Glomus,s__indicum,Glomus indicum
ASV_250,k__Fungi,p__Glomeromycota,c__Paraglomeromycetes,o__Paraglomerales,f__Paraglomeraceae,g__Paraglomus,s__brasilianum,Paraglomus brasilianum
ASV_251,k__Fungi,p__Glomeromycota,c__Glomeromycetes,o__Diversisporales,f__Acaulosporaceae,g__Acaulospora,s__minuta,Acaulospora minuta
ASV_252,k__Fungi,p__Glomeromycota,c__Glomeromycetes,o__Glomerales,f__Glomeraceae,g__Glomus,s__macrocarpum,Glomus macrocarpum
ASV_253,k__Fungi,p__Glomeromycota,NA,NA,NA,NA,NA,NA
ASV_254,k__Fungi,p__Glomeromycota,c__Glomeromycetes,o__Glomerales,f__Glomeraceae,NA,NA,NA
ASV_255,k__Fungi,p__Glomeromycota,c__Glomeromycetes,o__Glomerales,f__Glomeraceae,g__Septoglomus,s__viscosum,Septoglomus viscosum
ASV_256,k__Fungi,p__Glomeromycota,c__Paraglomeromycetes,o__Paraglomerales,f__Paraglomeraceae,g__Paraglomus,NA,NA
ASV_257,k__Fungi,p__Glomeromycota,c__Glomeromycetes,o__Glomerales,f__Claroideoglomeraceae,g__Claroideoglomus,NA,NA
ASV_258,k__Fungi,p__Glomeromycota,c__Paraglomeromycetes,o__Paraglomerales,f__Paraglomeraceae,g__Paraglomus,NA,NA
ASV_259,k__Fungi,p__Glomeromycota,c__Paraglomeromycetes,o__Paraglomerales,f__Paraglomeraceae,g__Paraglomus,NA,NA
ASV_260,k__Fungi,p__Glomeromycota,NA,NA,NA,NA,NA,NA
ASV_261,k__Fungi,p__Glomeromycota,c__Glomeromycetes,o__Diversisporales,f__Diversisporaceae,NA,NA,NA
ASV_262,k__Fungi,p__Glomeromycota,c__Paraglomeromycetes,o__Paraglomerales,f__Paraglomeraceae,g__Paraglomus,NA,NA
ASV_263,k__Fungi,p__Glomeromycota,c__Paraglomeromycetes,o__Paraglomerales,f__Paraglomeraceae,g__Paraglomus,NA,NA
ASV_264,k__Fungi,p__Glomeromycota,NA,NA,NA,NA,NA,NA
ASV_265,k__Fungi,p__Glomeromycota,c__Paraglomeromycetes,o__Paraglomerales,f__Paraglomeraceae,g__Paraglomus,s__brasilianum,Paraglomus brasilianum
ASV_266,k__Fungi,p__Glomeromycota,c__Glomeromycetes,o__Gigasporales,f__Gigasporaceae,g__Scutellospora,NA,NA
ASV_267,k__Fungi,p__Glomeromycota,c__Paraglomeromycetes,NA,NA,NA,NA,NA
ASV_268,k__Fungi,p__Glomeromycota,c__Glomeromycetes,o__Glomerales,f__Glomeraceae,g__Glomus,s__indicum,Glomus indicum
ASV_269,k__Fungi,p__Glomeromycota,c__Glomeromycetes,o__Glomerales,f__Claroideoglomeraceae,g__Claroideoglomus,s__claroideum,Claroideoglomus claroideum
ASV_270,k__Fungi,p__Glomeromycota,c__Glomeromycetes,o__Glomerales,f__Glomeraceae,g__Glomus,s__indicum,Glomus indicum
ASV_271,k__Fungi,p__Glomeromycota,c__Glomeromycetes,o__Glomerales,f__Glomeraceae,NA,NA,NA
ASV_272,k__Fungi,p__Glomeromycota,c__Paraglomeromycetes,o__Paraglomerales,f__Paraglomeraceae,g__Paraglomus,s__occultum,Paraglomus occultum
ASV_273,k__Fungi,p__Glomeromycota,c__Paraglomeromycetes,o__Paraglomerales,f__Paraglomeraceae,g__Paraglomus,NA,NA
ASV_274,k__Fungi,p__Glomeromycota,c__Glomeromycetes,o__Glomerales,f__Glomeraceae,g__Dominikia,s__difficilevidera,Dominikia difficilevidera
ASV_275,k__Fungi,p__Glomeromycota,c__Glomeromycetes,o__Gigasporales,f__Gigasporaceae,g__Scutellospora,NA,NA
ASV_276,k__Fungi,p__Glomeromycota,c__Paraglomeromycetes,o__Paraglomerales,f__Paraglomeraceae,g__Paraglomus,s__brasilianum,Paraglomus brasilianum
ASV_277,k__Fungi,p__Glomeromycota,c__Paraglomeromycetes,o__Paraglomerales,f__Paraglomeraceae,g__Paraglomus,s__occultum,Paraglomus occultum
ASV_278,k__Fungi,p__Glomeromycota,c__Glomeromycetes,o__Glomerales,f__Glomeraceae,g__Glomus,s__indicum,Glomus indicum
ASV_279,k__Fungi,p__Glomeromycota,c__Glomeromycetes,o__Glomerales,f__Glomeraceae,NA,NA,NA
ASV_280,k__Fungi,p__Glomeromycota,c__Glomeromycetes,o__Glomerales,f__Glomeraceae,g__Glomus,s__indicum,Glomus indicum
ASV_281,k__Fungi,p__Glomeromycota,c__Paraglomeromycetes,o__Paraglomerales,f__Paraglomeraceae,g__Paraglomus,NA,NA
ASV_282,k__Fungi,p__Glomeromycota,c__Archaeosporomycetes,o__Archaeosporales,NA,NA,NA,NA
ASV_283,k__Fungi,p__Glomeromycota,c__Paraglomeromycetes,o__Paraglomerales,f__Paraglomeraceae,g__Paraglomus,s__occultum,Paraglomus occultum
ASV_284,k__Fungi,p__Glomeromycota,NA,NA,NA,NA,NA,NA
ASV_285,k__Fungi,p__Glomeromycota,c__Glomeromycetes,o__Glomerales,f__Glomeraceae,NA,NA,NA
ASV_286,k__Fungi,p__Glomeromycota,c__Glomeromycetes,o__Glomerales,f__Glomeraceae,g__Glomus,s__indicum,Glomus indicum
ASV_287,k__Fungi,p__Glomeromycota,c__Paraglomeromycetes,o__Paraglomerales,f__Paraglomeraceae,g__Paraglomus,s__brasilianum,Paraglomus brasilianum
ASV_288,k__Fungi,p__Glomeromycota,c__Paraglomeromycetes,o__Paraglomerales,f__Paraglomeraceae,g__Paraglomus,s__brasilianum,Paraglomus brasilianum
ASV_289,k__Fungi,p__Glomeromycota,NA,NA,NA,NA,NA,NA
ASV_290,k__Fungi,p__Glomeromycota,c__Glomeromycetes,o__Glomerales,f__Glomeraceae,NA,NA,NA
ASV_291,k__Fungi,p__Glomeromycota,c__Glomeromycetes,o__Diversisporales,f__Diversisporaceae,g__Diversispora,NA,NA
ASV_292,k__Fungi,p__Glomeromycota,c__Glomeromycetes,o__Glomerales,f__Glomeraceae,g__Glomus,s__macrocarpum,Glomus macrocarpum
ASV_293,k__Fungi,p__Glomeromycota,c__Paraglomeromycetes,o__Paraglomerales,f__Paraglomeraceae,g__Paraglomus,NA,NA
ASV_294,k__Fungi,p__Glomeromycota,c__Paraglomeromycetes,NA,NA,NA,NA,NA
ASV_295,k__Fungi,p__Glomeromycota,c__Paraglomeromycetes,o__Paraglomerales,f__Paraglomeraceae,g__Paraglomus,NA,NA
ASV_296,k__Fungi,p__Glomeromycota,c__Glomeromycetes,o__Glomerales,f__Glomeraceae,g__Septoglomus,s__viscosum,Septoglomus viscosum
ASV_297,k__Fungi,p__Glomeromycota,c__Paraglomeromycetes,o__Paraglomerales,f__Paraglomeraceae,g__Paraglomus,s__brasilianum,Paraglomus brasilianum
ASV_298,k__Fungi,p__Glomeromycota,c__Paraglomeromycetes,o__Paraglomerales,f__Paraglomeraceae,g__Paraglomus,NA,NA
ASV_299,k__Fungi,p__Glomeromycota,c__Glomeromycetes,o__Glomerales,f__Glomeraceae,NA,NA,NA
ASV_300,k__Fungi,p__Glomeromycota,c__Paraglomeromycetes,o__Paraglomerales,f__Paraglomeraceae,g__Paraglomus,s__brasilianum,Paraglomus brasilianum
ASV_301,k__Fungi,p__Glomeromycota,NA,NA,NA,NA,NA,NA
ASV_302,k__Fungi,p__Glomeromycota,c__Glomeromycetes,o__Glomerales,f__Glomeraceae,g__Glomus,s__indicum,Glomus indicum
ASV_303,k__Fungi,p__Glomeromycota,c__Paraglomeromycetes,o__Paraglomerales,f__Paraglomeraceae,g__Paraglomus,s__brasilianum,Paraglomus brasilianum
ASV_304,k__Fungi,p__Glomeromycota,c__Paraglomeromycetes,o__Paraglomerales,f__Paraglomeraceae,g__Paraglomus,s__occultum,Paraglomus occultum
ASV_305,k__Fungi,p__Glomeromycota,c__Glomeromycetes,o__Glomerales,f__Glomeraceae,NA,NA,NA
ASV_306,k__Fungi,p__Glomeromycota,c__Glomeromycetes,o__Glomerales,f__Glomeraceae,g__Rhizophagus,s__irregularis,Rhizophagus irregularis
ASV_307,k__Fungi,p__Glomeromycota,NA,NA,NA,NA,NA,NA
ASV_308,k__Fungi,p__Glomeromycota,NA,NA,NA,NA,NA,NA
ASV_309,k__Fungi,p__Glomeromycota,c__Glomeromycetes,o__Glomerales,f__Glomeraceae,NA,NA,NA
ASV_310,k__Fungi,p__Glomeromycota,c__Glomeromycetes,o__Diversisporales,f__Diversisporaceae,g__Diversispora,NA,NA
ASV_311,k__Fungi,p__Glomeromycota,c__Glomeromycetes,o__Diversisporales,f__Acaulosporaceae,g__Acaulospora,s__spinosa,Acaulospora spinosa
ASV_312,k__Fungi,p__Glomeromycota,c__Glomeromycetes,o__Glomerales,f__Glomeraceae,g__Rhizophagus,s__irregularis,Rhizophagus irregularis
ASV_313,k__Fungi,p__Glomeromycota,c__Glomeromycetes,o__Glomerales,f__Glomeraceae,g__Dominikia,s__difficilevidera,Dominikia difficilevidera
ASV_314,k__Fungi,p__Glomeromycota,c__Glomeromycetes,o__Glomerales,f__Glomeraceae,NA,NA,NA
ASV_315,k__Fungi,p__Glomeromycota,c__Glomeromycetes,o__Glomerales,f__Glomeraceae,g__Glomus,NA,NA
ASV_316,k__Fungi,p__Glomeromycota,NA,NA,NA,NA,NA,NA
ASV_317,k__Fungi,p__Glomeromycota,c__Glomeromycetes,o__Gigasporales,f__Gigasporaceae,g__Gigaspora,s__rosea,Gigaspora rosea
ASV_318,k__Fungi,p__Glomeromycota,c__Glomeromycetes,o__Glomerales,f__Glomeraceae,g__Dominikia,s__difficilevidera,Dominikia difficilevidera
ASV_319,k__Fungi,p__Glomeromycota,c__Glomeromycetes,o__Glomerales,f__Glomeraceae,g__Glomus,s__macrocarpum,Glomus macrocarpum
ASV_320,k__Fungi,p__Glomeromycota,c__Paraglomeromycetes,o__Paraglomerales,f__Paraglomeraceae,g__Paraglomus,s__brasilianum,Paraglomus brasilianum
ASV_321,k__Fungi,p__Glomeromycota,c__Glomeromycetes,o__Gigasporales,f__Gigasporaceae,g__Cetraspora,s__gilmorei,Cetraspora gilmorei
ASV_322,k__Fungi,p__Glomeromycota,c__Glomeromycetes,o__Glomerales,f__Glomeraceae,NA,NA,NA
ASV_323,k__Fungi,p__Glomeromycota,c__Paraglomeromycetes,o__Paraglomerales,f__Paraglomeraceae,g__Paraglomus,s__brasilianum,Paraglomus brasilianum
ASV_324,k__Fungi,p__Glomeromycota,c__Glomeromycetes,o__Diversisporales,f__Diversisporaceae,g__Diversispora,s__epigaea,Diversispora epigaea
ASV_325,k__Fungi,p__Glomeromycota,c__Glomeromycetes,o__Glomerales,f__Glomeraceae,g__Glomus,s__indicum,Glomus indicum
ASV_326,k__Fungi,p__Glomeromycota,c__Glomeromycetes,o__Glomerales,f__Glomeraceae,g__Glomus,s__indicum,Glomus indicum
ASV_327,k__Fungi,p__Glomeromycota,c__Paraglomeromycetes,o__Paraglomerales,f__Paraglomeraceae,g__Paraglomus,s__brasilianum,Paraglomus brasilianum
ASV_328,k__Fungi,p__Glomeromycota,c__Glomeromycetes,o__Gigasporales,f__Gigasporaceae,g__Cetraspora,s__gilmorei,Cetraspora gilmorei
ASV_329,k__Fungi,p__Glomeromycota,c__Paraglomeromycetes,o__Paraglomerales,NA,NA,NA,NA
ASV_330,k__Fungi,p__Glomeromycota,c__Glomeromycetes,o__Diversisporales,f__Acaulosporaceae,g__Acaulospora,s__spinosa,Acaulospora spinosa
ASV_331,k__Fungi,p__Glomeromycota,c__Glomeromycetes,o__Glomerales,f__Glomeraceae,NA,NA,NA
ASV_332,k__Fungi,p__Glomeromycota,c__Glomeromycetes,o__Glomerales,f__Glomeraceae,g__Rhizophagus,s__irregularis,Rhizophagus irregularis
ASV_333,k__Fungi,p__Glomeromycota,c__Paraglomeromycetes,o__Paraglomerales,f__Paraglomeraceae,g__Paraglomus,s__brasilianum,Paraglomus brasilianum
ASV_334,k__Fungi,p__Glomeromycota,c__Paraglomeromycetes,o__Paraglomerales,f__Paraglomeraceae,g__Paraglomus,s__brasilianum,Paraglomus brasilianum
ASV_335,k__Fungi,p__Glomeromycota,c__Glomeromycetes,o__Glomerales,f__Glomeraceae,NA,NA,NA
ASV_336,k__Fungi,p__Glomeromycota,c__Glomeromycetes,o__Glomerales,f__Glomeraceae,NA,NA,NA
ASV_337,k__Fungi,p__Glomeromycota,c__Paraglomeromycetes,NA,NA,NA,NA,NA
ASV_338,k__Fungi,p__Glomeromycota,c__Paraglomeromycetes,o__Paraglomerales,f__Paraglomeraceae,g__Paraglomus,s__brasilianum,Paraglomus brasilianum
ASV_339,k__Fungi,p__Glomeromycota,c__Paraglomeromycetes,o__Paraglomerales,f__Paraglomeraceae,g__Paraglomus,s__brasilianum,Paraglomus brasilianum
ASV_340,k__Fungi,p__Glomeromycota,NA,NA,NA,NA,NA,NA
ASV_341,k__Fungi,p__Glomeromycota,c__Glomeromycetes,o__Diversisporales,f__Diversisporaceae,g__Diversispora,NA,NA
ASV_342,k__Fungi,p__Glomeromycota,c__Glomeromycetes,o__Gigasporales,f__Gigasporaceae,g__Scutellospora,NA,NA
ASV_343,k__Fungi,p__Glomeromycota,c__Paraglomeromycetes,o__Paraglomerales,f__Paraglomeraceae,g__Paraglomus,s__laccatum,Paraglomus laccatum
ASV_344,k__Fungi,p__Glomeromycota,c__Paraglomeromycetes,o__Paraglomerales,NA,NA,NA,NA
ASV_345,k__Fungi,p__Glomeromycota,c__Glomeromycetes,o__Glomerales,f__Glomeraceae,g__Glomus,s__indicum,Glomus indicum
ASV_346,k__Fungi,p__Glomeromycota,c__Glomeromycetes,o__Glomerales,f__Glomeraceae,NA,NA,NA
ASV_347,k__Fungi,p__Glomeromycota,c__Glomeromycetes,o__Gigasporales,f__Gigasporaceae,g__Cetraspora,s__gilmorei,Cetraspora gilmorei
ASV_348,k__Fungi,p__Glomeromycota,c__Glomeromycetes,o__Glomerales,f__Glomeraceae,g__Glomus,NA,NA
ASV_349,k__Fungi,p__Glomeromycota,c__Glomeromycetes,o__Diversisporales,f__Diversisporaceae,NA,NA,NA
ASV_350,k__Fungi,p__Glomeromycota,c__Glomeromycetes,o__Glomerales,f__Glomeraceae,NA,NA,NA
ASV_351,k__Fungi,p__Glomeromycota,c__Glomeromycetes,o__Gigasporales,f__Gigasporaceae,g__Cetraspora,s__gilmorei,Cetraspora gilmorei
ASV_352,k__Fungi,p__Glomeromycota,c__Glomeromycetes,o__Glomerales,f__Glomeraceae,g__Glomus,s__macrocarpum,Glomus macrocarpum
ASV_353,k__Fungi,p__Glomeromycota,c__Paraglomeromycetes,o__Paraglomerales,f__Paraglomeraceae,g__Paraglomus,s__occultum,Paraglomus occultum
ASV_354,k__Fungi,p__Glomeromycota,c__Paraglomeromycetes,o__Paraglomerales,f__Paraglomeraceae,g__Paraglomus,s__brasilianum,Paraglomus brasilianum
ASV_355,k__Fungi,p__Glomeromycota,c__Paraglomeromycetes,o__Paraglomerales,NA,NA,NA,NA
ASV_356,k__Fungi,p__Glomeromycota,c__Paraglomeromycetes,o__Paraglomerales,f__Paraglomeraceae,g__Paraglomus,NA,NA
ASV_357,k__Fungi,p__Glomeromycota,c__Glomeromycetes,o__Glomerales,f__Glomeraceae,g__Glomus,s__indicum,Glomus indicum
ASV_358,k__Fungi,p__Glomeromycota,c__Glomeromycetes,o__Glomerales,f__Glomeraceae,g__Glomus,s__indicum,Glomus indicum
ASV_359,k__Fungi,p__Glomeromycota,c__Glomeromycetes,o__Glomerales,f__Glomeraceae,g__Dominikia,s__iranica,Dominikia iranica
ASV_360,k__Fungi,p__Glomeromycota,c__Paraglomeromycetes,o__Paraglomerales,NA,NA,NA,NA
ASV_361,k__Fungi,p__Glomeromycota,c__Glomeromycetes,o__Gigasporales,f__Gigasporaceae,g__Gigaspora,NA,NA
ASV_362,k__Fungi,p__Glomeromycota,NA,NA,NA,NA,NA,NA
ASV_363,k__Fungi,p__Glomeromycota,c__Glomeromycetes,o__Glomerales,f__Glomeraceae,g__Glomus,s__indicum,Glomus indicum
ASV_364,k__Fungi,p__Glomeromycota,c__Glomeromycetes,o__Diversisporales,f__Diversisporaceae,g__Diversispora,NA,NA
ASV_365,k__Fungi,p__Glomeromycota,c__Glomeromycetes,o__Gigasporales,f__Gigasporaceae,g__Gigaspora,NA,NA
ASV_366,k__Fungi,p__Glomeromycota,c__Glomeromycetes,o__Gigasporales,f__Gigasporaceae,g__Scutellospora,s__heterogama,Scutellospora heterogama
ASV_367,k__Fungi,p__Glomeromycota,c__Paraglomeromycetes,NA,NA,NA,NA,NA
ASV_368,k__Fungi,p__Glomeromycota,c__Glomeromycetes,o__Glomerales,f__Glomeraceae,g__Glomus,s__macrocarpum,Glomus macrocarpum
ASV_369,k__Fungi,p__Glomeromycota,c__Glomeromycetes,o__Glomerales,f__Glomeraceae,g__Septoglomus,NA,NA
ASV_370,k__Fungi,p__Glomeromycota,c__Glomeromycetes,o__Glomerales,f__Glomeraceae,g__Glomus,NA,NA
ASV_371,k__Fungi,p__Glomeromycota,c__Glomeromycetes,o__Glomerales,f__Glomeraceae,NA,NA,NA
ASV_372,k__Fungi,p__Glomeromycota,c__Glomeromycetes,o__Glomerales,f__Glomeraceae,g__Rhizophagus,s__irregularis,Rhizophagus irregularis
ASV_373,k__Fungi,p__Glomeromycota,c__Glomeromycetes,o__Glomerales,f__Glomeraceae,g__Glomus,s__macrocarpum,Glomus macrocarpum
ASV_374,k__Fungi,p__Glomeromycota,c__Glomeromycetes,o__Glomerales,f__Glomeraceae,NA,NA,NA
ASV_375,k__Fungi,p__Glomeromycota,c__Paraglomeromycetes,o__Paraglomerales,f__Paraglomeraceae,g__Paraglomus,NA,NA
ASV_376,k__Fungi,p__Glomeromycota,c__Glomeromycetes,o__Glomerales,f__Glomeraceae,NA,NA,NA
ASV_377,k__Fungi,p__Glomeromycota,c__Glomeromycetes,o__Gigasporales,f__Gigasporaceae,g__Cetraspora,NA,NA
ASV_378,k__Fungi,p__Glomeromycota,c__Glomeromycetes,o__Glomerales,f__Glomeraceae,g__Rhizophagus,s__irregularis,Rhizophagus irregularis
ASV_379,k__Fungi,p__Glomeromycota,c__Glomeromycetes,o__Gigasporales,f__Gigasporaceae,NA,NA,NA
ASV_380,k__Fungi,p__Glomeromycota,c__Glomeromycetes,o__Glomerales,f__Claroideoglomeraceae,g__Claroideoglomus,s__claroideum,Claroideoglomus claroideum
ASV_381,k__Fungi,p__Glomeromycota,c__Glomeromycetes,o__Diversisporales,f__Diversisporaceae,NA,NA,NA
ASV_382,k__Fungi,p__Glomeromycota,c__Glomeromycetes,o__Diversisporales,f__Diversisporaceae,NA,NA,NA
ASV_383,k__Fungi,p__Glomeromycota,c__Glomeromycetes,o__Glomerales,f__Glomeraceae,g__Funneliformis,s__mosseae,Funneliformis mosseae
ASV_384,k__Fungi,p__Glomeromycota,c__Paraglomeromycetes,o__Paraglomerales,f__Paraglomeraceae,g__Paraglomus,s__brasilianum,Paraglomus brasilianum
ASV_385,k__Fungi,p__Glomeromycota,c__Glomeromycetes,o__Glomerales,f__Glomeraceae,NA,NA,NA
ASV_386,k__Fungi,p__Glomeromycota,c__Paraglomeromycetes,o__Paraglomerales,f__Paraglomeraceae,g__Paraglomus,s__brasilianum,Paraglomus brasilianum
ASV_387,k__Fungi,p__Glomeromycota,c__Glomeromycetes,o__Gigasporales,f__Gigasporaceae,g__Gigaspora,s__rosea,Gigaspora rosea
ASV_388,k__Fungi,p__Glomeromycota,c__Glomeromycetes,o__Glomerales,f__Glomeraceae,NA,NA,NA
ASV_389,k__Fungi,p__Glomeromycota,c__Glomeromycetes,o__Glomerales,f__Glomeraceae,g__Glomus,s__macrocarpum,Glomus macrocarpum
ASV_390,k__Fungi,p__Glomeromycota,c__Glomeromycetes,o__Glomerales,f__Glomeraceae,g__Glomus,s__indicum,Glomus indicum
ASV_391,k__Fungi,p__Glomeromycota,c__Glomeromycetes,o__Glomerales,f__Glomeraceae,g__Glomus,s__macrocarpum,Glomus macrocarpum
ASV_392,k__Fungi,p__Glomeromycota,c__Glomeromycetes,o__Glomerales,f__Glomeraceae,g__Glomus,NA,NA
ASV_393,k__Fungi,p__Glomeromycota,c__Glomeromycetes,o__Diversisporales,f__Diversisporaceae,NA,NA,NA
ASV_394,k__Fungi,p__Glomeromycota,c__Glomeromycetes,o__Gigasporales,f__Gigasporaceae,g__Cetraspora,s__gilmorei,Cetraspora gilmorei
ASV_395,k__Fungi,p__Glomeromycota,c__Glomeromycetes,o__Glomerales,f__Glomeraceae,g__Glomus,NA,NA
ASV_396,k__Fungi,p__Glomeromycota,c__Glomeromycetes,o__Diversisporales,f__Diversisporaceae,g__Diversispora,NA,NA
ASV_397,k__Fungi,p__Glomeromycota,c__Paraglomeromycetes,o__Paraglomerales,f__Paraglomeraceae,g__Paraglomus,NA,NA
ASV_398,k__Fungi,p__Glomeromycota,c__Glomeromycetes,o__Glomerales,f__Glomeraceae,g__Septoglomus,s__viscosum,Septoglomus viscosum
ASV_399,k__Fungi,p__Glomeromycota,c__Paraglomeromycetes,o__Paraglomerales,f__Paraglomeraceae,g__Paraglomus,s__brasilianum,Paraglomus brasilianum
ASV_400,k__Fungi,p__Glomeromycota,c__Glomeromycetes,o__Glomerales,f__Glomeraceae,g__Rhizophagus,s__irregularis,Rhizophagus irregularis
ASV_401,k__Fungi,p__Glomeromycota,c__Glomeromycetes,o__Gigasporales,f__Gigasporaceae,g__Scutellospora,NA,NA
ASV_402,k__Fungi,p__Glomeromycota,c__Glomeromycetes,o__Diversisporales,f__Diversisporaceae,NA,NA,NA
ASV_403,k__Fungi,p__Glomeromycota,c__Glomeromycetes,o__Glomerales,f__Glomeraceae,g__Funneliformis,s__mosseae,Funneliformis mosseae
ASV_404,k__Fungi,p__Glomeromycota,c__Paraglomeromycetes,o__Paraglomerales,f__Paraglomeraceae,g__Paraglomus,NA,NA
ASV_405,k__Fungi,p__Glomeromycota,NA,NA,NA,NA,NA,NA
ASV_406,k__Fungi,p__Glomeromycota,c__Glomeromycetes,o__Glomerales,f__Glomeraceae,NA,NA,NA
ASV_407,k__Fungi,p__Glomeromycota,c__Glomeromycetes,o__Diversisporales,f__Diversisporaceae,g__Diversispora,NA,NA
ASV_408,k__Fungi,p__Glomeromycota,c__Paraglomeromycetes,o__Paraglomerales,f__Paraglomeraceae,g__Paraglomus,s__brasilianum,Paraglomus brasilianum
ASV_409,k__Fungi,p__Glomeromycota,c__Glomeromycetes,o__Diversisporales,f__Diversisporaceae,g__Diversispora,s__epigaea,Diversispora epigaea
ASV_410,k__Fungi,p__Glomeromycota,c__Glomeromycetes,o__Diversisporales,f__Diversisporaceae,g__Diversispora,NA,NA
ASV_411,k__Fungi,p__Glomeromycota,c__Glomeromycetes,o__Gigasporales,f__Gigasporaceae,g__Scutellospora,NA,NA
ASV_412,k__Fungi,p__Glomeromycota,c__Archaeosporomycetes,o__Archaeosporales,NA,NA,NA,NA
ASV_413,k__Fungi,p__Glomeromycota,c__Glomeromycetes,o__Glomerales,f__Glomeraceae,g__Glomus,s__indicum,Glomus indicum
ASV_414,k__Fungi,p__Glomeromycota,c__Paraglomeromycetes,o__Paraglomerales,f__Paraglomeraceae,g__Paraglomus,NA,NA
ASV_415,k__Fungi,p__Glomeromycota,c__Archaeosporomycetes,o__Archaeosporales,f__Archaeosporaceae,g__Palaeospora,s__spainiae,Palaeospora spainiae
ASV_416,k__Fungi,p__Glomeromycota,NA,NA,NA,NA,NA,NA
ASV_417,k__Fungi,p__Glomeromycota,c__Glomeromycetes,o__Glomerales,f__Glomeraceae,NA,NA,NA
ASV_418,k__Fungi,p__Glomeromycota,c__Glomeromycetes,o__Glomerales,f__Glomeraceae,g__Dominikia,s__iranica,Dominikia iranica
ASV_419,k__Fungi,p__Glomeromycota,c__Glomeromycetes,o__Glomerales,f__Glomeraceae,NA,NA,NA
ASV_420,k__Fungi,p__Glomeromycota,c__Glomeromycetes,o__Diversisporales,f__Diversisporaceae,g__Diversispora,s__epigaea,Diversispora epigaea
ASV_421,k__Fungi,p__Glomeromycota,c__Glomeromycetes,o__Glomerales,f__Claroideoglomeraceae,g__Claroideoglomus,s__claroideum,Claroideoglomus claroideum
ASV_422,k__Fungi,p__Glomeromycota,c__Glomeromycetes,o__Glomerales,f__Glomeraceae,g__Glomus,s__indicum,Glomus indicum
ASV_423,k__Fungi,p__Glomeromycota,c__Glomeromycetes,o__Glomerales,f__Glomeraceae,NA,NA,NA
ASV_424,k__Fungi,p__Glomeromycota,c__Paraglomeromycetes,o__GS24,NA,NA,NA,NA
ASV_425,k__Fungi,p__Glomeromycota,c__Glomeromycetes,o__Glomerales,f__Glomeraceae,g__Glomus,s__indicum,Glomus indicum
ASV_426,k__Fungi,p__Glomeromycota,c__Glomeromycetes,o__Glomerales,f__Glomeraceae,g__Rhizophagus,s__irregularis,Rhizophagus irregularis
ASV_427,k__Fungi,p__Glomeromycota,c__Paraglomeromycetes,o__Paraglomerales,f__Paraglomeraceae,g__Paraglomus,s__brasilianum,Paraglomus brasilianum
ASV_428,k__Fungi,p__Glomeromycota,c__Glomeromycetes,o__Glomerales,f__Glomeraceae,NA,NA,NA
ASV_429,k__Fungi,p__Glomeromycota,c__Glomeromycetes,o__Diversisporales,f__Diversisporaceae,NA,NA,NA
ASV_430,k__Fungi,p__Glomeromycota,c__Paraglomeromycetes,o__Paraglomerales,f__Paraglomeraceae,g__Paraglomus,NA,NA
ASV_431,k__Fungi,p__Glomeromycota,c__Glomeromycetes,o__Glomerales,f__Glomeraceae,g__Rhizophagus,s__irregularis,Rhizophagus irregularis
ASV_432,k__Fungi,p__Glomeromycota,c__Glomeromycetes,o__Glomerales,f__Glomeraceae,g__Glomus,s__compressum,Glomus compressum
ASV_433,k__Fungi,p__Glomeromycota,c__Glomeromycetes,o__Glomerales,f__Glomeraceae,NA,NA,NA
ASV_434,k__Fungi,p__Glomeromycota,c__Glomeromycetes,o__Diversisporales,f__Diversisporaceae,g__Diversispora,NA,NA
ASV_435,k__Fungi,p__Glomeromycota,c__Glomeromycetes,o__Glomerales,f__Glomeraceae,g__Glomus,NA,NA
ASV_436,k__Fungi,p__Glomeromycota,c__Paraglomeromycetes,NA,NA,NA,NA,NA