,Kingdom,Phylum,Class,Order,Family,Genus
ASV_1,Fungi,Glomeromycota,Glomeromycetes,Glomerales,Glomeraceae,Septoglomus
ASV_2,Fungi,Glomeromycota,Glomeromycetes,Diversisporales,Acaulosporaceae,Acaulospora
ASV_3,Fungi,Glomeromycota,Glomeromycetes,Paraglomerales,Paraglomeraceae,Paraglomus
ASV_4,Fungi,Glomeromycota,Glomeromycetes,Glomerales,Glomeraceae,Septoglomus
ASV_5,Fungi,Glomeromycota,Glomeromycetes,Paraglomerales,Paraglomeraceae,Paraglomus
ASV_6,Fungi,Glomeromycota,Glomeromycetes,Paraglomerales,Paraglomeraceae,Paraglomus
ASV_7,Fungi,Glomeromycota,Glomeromycetes,Paraglomerales,Paraglomeraceae,Paraglomus
ASV_8,Fungi,Glomeromycota,Glomeromycetes,Paraglomerales,Paraglomeraceae,Paraglomus
ASV_9,Fungi,Glomeromycota,Glomeromycetes,Glomerales,Glomeraceae,Septoglomus
ASV_10,Fungi,Glomeromycota,Glomeromycetes,Paraglomerales,Paraglomeraceae,Paraglomus
ASV_11,Fungi,Glomeromycota,Glomeromycetes,Glomerales,Glomeraceae,Septoglomus
ASV_12,Fungi,Glomeromycota,Glomeromycetes,Paraglomerales,Paraglomeraceae,Paraglomus
ASV_13,Fungi,Glomeromycota,Glomeromycetes,Glomerales,Glomeraceae,Septoglomus
ASV_14,Fungi,Glomeromycota,Glomeromycetes,Paraglomerales,Paraglomeraceae,Paraglomus
ASV_15,Fungi,Glomeromycota,Glomeromycetes,Glomerales,Glomeraceae,Septoglomus
ASV_16,Fungi,Glomeromycota,Glomeromycetes,Glomerales,Glomeraceae,Septoglomus
ASV_17,Fungi,Glomeromycota,Glomeromycetes,Glomerales,Glomeraceae,Septoglomus
ASV_18,Fungi,Glomeromycota,Glomeromycetes,Paraglomerales,Paraglomeraceae,Paraglomus
ASV_19,Fungi,Glomeromycota,Glomeromycetes,Paraglomerales,Paraglomeraceae,Paraglomus
ASV_20,Fungi,Glomeromycota,Glomeromycetes,Paraglomerales,Paraglomeraceae,Paraglomus
ASV_21,Fungi,Glomeromycota,Glomeromycetes,Paraglomerales,Paraglomeraceae,Paraglomus
ASV_22,Fungi,Glomeromycota,Glomeromycetes,Paraglomerales,Paraglomeraceae,Paraglomus
ASV_23,Fungi,Glomeromycota,Glomeromycetes,Paraglomerales,Paraglomeraceae,Paraglomus
ASV_24,Fungi,Glomeromycota,Glomeromycetes,Glomerales,Glomeraceae,Septoglomus
ASV_25,Fungi,Glomeromycota,Glomeromycetes,Glomerales,Glomeraceae,Septoglomus
ASV_26,Fungi,Glomeromycota,Glomeromycetes,Paraglomerales,Paraglomeraceae,Paraglomus
ASV_27,Fungi,Glomeromycota,Glomeromycetes,Paraglomerales,Paraglomeraceae,Paraglomus
ASV_28,Fungi,Glomeromycota,Glomeromycetes,Paraglomerales,Paraglomeraceae,Paraglomus
ASV_29,Fungi,Glomeromycota,Glomeromycetes,Paraglomerales,Paraglomeraceae,Paraglomus
ASV_30,Fungi,Glomeromycota,Glomeromycetes,Glomerales,Glomeraceae,Septoglomus
ASV_31,Fungi,Glomeromycota,Glomeromycetes,Paraglomerales,Paraglomeraceae,Paraglomus
ASV_32,Fungi,Glomeromycota,Glomeromycetes,Paraglomerales,Paraglomeraceae,Paraglomus
ASV_33,Fungi,Glomeromycota,Glomeromycetes,Paraglomerales,Paraglomeraceae,Paraglomus
ASV_34,Fungi,Glomeromycota,Glomeromycetes,Paraglomerales,Paraglomeraceae,Paraglomus
ASV_35,Fungi,Glomeromycota,Glomeromycetes,Glomerales,Glomeraceae,Septoglomus
ASV_36,Fungi,Glomeromycota,Glomeromycetes,Glomerales,Glomeraceae,Septoglomus
ASV_37,Fungi,Glomeromycota,Glomeromycetes,Paraglomerales,Paraglomeraceae,Paraglomus
ASV_38,Fungi,Glomeromycota,Glomeromycetes,Paraglomerales,Paraglomeraceae,Paraglomus
ASV_39,Fungi,Glomeromycota,Glomeromycetes,Paraglomerales,Paraglomeraceae,Paraglomus
ASV_40,Fungi,Glomeromycota,Glomeromycetes,Paraglomerales,Paraglomeraceae,Paraglomus
ASV_41,Fungi,Glomeromycota,Glomeromycetes,Paraglomerales,Paraglomeraceae,Paraglomus
ASV_42,Fungi,Glomeromycota,Glomeromycetes,Glomerales,Glomeraceae,Septoglomus
ASV_43,Fungi,Glomeromycota,Glomeromycetes,Paraglomerales,Paraglomeraceae,Paraglomus
ASV_44,Fungi,Glomeromycota,Glomeromycetes,Paraglomerales,Paraglomeraceae,Paraglomus
ASV_45,Fungi,Glomeromycota,Glomeromycetes,Paraglomerales,Paraglomeraceae,Paraglomus
ASV_46,Fungi,Glomeromycota,Glomeromycetes,Paraglomerales,Paraglomeraceae,Paraglomus
ASV_47,Fungi,Glomeromycota,Glomeromycetes,Paraglomerales,Paraglomeraceae,Paraglomus
ASV_48,Fungi,Glomeromycota,Glomeromycetes,Paraglomerales,Paraglomeraceae,Paraglomus
ASV_49,Fungi,Glomeromycota,Glomeromycetes,Paraglomerales,Paraglomeraceae,Paraglomus
ASV_50,Fungi,Glomeromycota,Glomeromycetes,Paraglomerales,Paraglomeraceae,Paraglomus
ASV_51,Fungi,Glomeromycota,Glomeromycetes,Glomerales,Glomeraceae,Glomus
ASV_52,Fungi,Glomeromycota,Glomeromycetes,Paraglomerales,Paraglomeraceae,Paraglomus
ASV_53,Fungi,Glomeromycota,Glomeromycetes,Paraglomerales,Paraglomeraceae,Paraglomus
ASV_54,Fungi,Glomeromycota,Glomeromycetes,Glomerales,Glomeraceae,Septoglomus
ASV_55,Fungi,Glomeromycota,Glomeromycetes,Paraglomerales,Paraglomeraceae,Paraglomus
ASV_56,Fungi,Glomeromycota,Glomeromycetes,Paraglomerales,Paraglomeraceae,Paraglomus
ASV_57,Fungi,Glomeromycota,Glomeromycetes,Paraglomerales,Paraglomeraceae,Paraglomus
ASV_58,Fungi,Glomeromycota,Glomeromycetes,Glomerales,Glomeraceae,Septoglomus
ASV_59,Fungi,Glomeromycota,Glomeromycetes,Paraglomerales,Paraglomeraceae,Paraglomus
ASV_60,Fungi,Glomeromycota,Glomeromycetes,Glomerales,Glomeraceae,Septoglomus
ASV_61,Fungi,Glomeromycota,Glomeromycetes,Paraglomerales,Paraglomeraceae,Paraglomus
ASV_62,Fungi,Glomeromycota,Glomeromycetes,Paraglomerales,Paraglomeraceae,Paraglomus
ASV_63,Fungi,Glomeromycota,Glomeromycetes,Paraglomerales,Paraglomeraceae,Paraglomus
ASV_64,Fungi,Glomeromycota,Glomeromycetes,Paraglomerales,Paraglomeraceae,Paraglomus
ASV_65,Fungi,Glomeromycota,Glomeromycetes,Paraglomerales,Paraglomeraceae,Paraglomus
ASV_66,Fungi,Glomeromycota,Glomeromycetes,Glomerales,Glomeraceae,Septoglomus
ASV_67,Fungi,Glomeromycota,Glomeromycetes,Glomerales,Glomeraceae,Septoglomus
ASV_68,Fungi,Glomeromycota,Glomeromycetes,Paraglomerales,Paraglomeraceae,Paraglomus
ASV_69,Fungi,Glomeromycota,Glomeromycetes,Paraglomerales,Paraglomeraceae,Paraglomus
ASV_70,Fungi,Glomeromycota,Glomeromycetes,Paraglomerales,Paraglomeraceae,Paraglomus
ASV_71,Fungi,Glomeromycota,Glomeromycetes,Glomerales,Glomeraceae,Septoglomus
ASV_72,Fungi,Glomeromycota,Glomeromycetes,Paraglomerales,Paraglomeraceae,Paraglomus
ASV_73,Fungi,Glomeromycota,Glomeromycetes,Paraglomerales,Paraglomeraceae,Paraglomus
ASV_74,Fungi,Glomeromycota,Glomeromycetes,Glomerales,Glomeraceae,Septoglomus
ASV_75,Fungi,Glomeromycota,Glomeromycetes,Glomerales,Glomeraceae,Septoglomus
ASV_76,Fungi,Glomeromycota,Glomeromycetes,Diversisporales,Scutellosporaceae,Scutellospora
ASV_77,Fungi,Glomeromycota,Glomeromycetes,Glomerales,Glomeraceae,Septoglomus
ASV_78,Fungi,Glomeromycota,Glomeromycetes,Glomerales,Glomeraceae,Septoglomus
ASV_79,Fungi,Glomeromycota,Glomeromycetes,Diversisporales,Acaulosporaceae,Acaulospora
ASV_80,Fungi,Glomeromycota,Glomeromycetes,Glomerales,Glomeraceae,Septoglomus
ASV_81,Fungi,Glomeromycota,Glomeromycetes,Paraglomerales,Paraglomeraceae,Paraglomus
ASV_82,Fungi,Glomeromycota,Glomeromycetes,Paraglomerales,Paraglomeraceae,Paraglomus
ASV_83,Fungi,Glomeromycota,Glomeromycetes,Diversisporales,Diversisporaceae,Diversispora
ASV_84,Fungi,Glomeromycota,Glomeromycetes,Glomerales,Glomeraceae,Septoglomus
ASV_85,Fungi,Glomeromycota,Glomeromycetes,Paraglomerales,Paraglomeraceae,Paraglomus
ASV_86,Fungi,Glomeromycota,Glomeromycetes,Paraglomerales,Paraglomeraceae,Paraglomus
ASV_87,Fungi,Glomeromycota,Glomeromycetes,Glomerales,Glomeraceae,Septoglomus
ASV_88,Fungi,Glomeromycota,Glomeromycetes,Paraglomerales,Paraglomeraceae,Paraglomus
ASV_89,Fungi,Glomeromycota,Glomeromycetes,Diversisporales,Acaulosporaceae,Acaulospora
ASV_90,Fungi,Glomeromycota,Glomeromycetes,Paraglomerales,Paraglomeraceae,Paraglomus
ASV_91,Fungi,Glomeromycota,Glomeromycetes,Paraglomerales,Paraglomeraceae,Paraglomus
ASV_92,Fungi,Glomeromycota,Glomeromycetes,Glomerales,Glomeraceae,Septoglomus
ASV_93,Fungi,Glomeromycota,Glomeromycetes,Paraglomerales,Paraglomeraceae,Paraglomus
ASV_94,Fungi,Glomeromycota,Glomeromycetes,Paraglomerales,Paraglomeraceae,Paraglomus
ASV_95,Fungi,Glomeromycota,Glomeromycetes,Paraglomerales,Paraglomeraceae,Paraglomus
ASV_96,Fungi,Glomeromycota,Glomeromycetes,Glomerales,Glomeraceae,Septoglomus
ASV_97,Fungi,Glomeromycota,Glomeromycetes,Paraglomerales,Paraglomeraceae,Paraglomus
ASV_98,Fungi,Glomeromycota,Glomeromycetes,Glomerales,Glomeraceae,Septoglomus
ASV_99,Fungi,Glomeromycota,Glomeromycetes,Paraglomerales,Paraglomeraceae,Paraglomus
ASV_100,Fungi,Glomeromycota,Glomeromycetes,Glomerales,Glomeraceae,Septoglomus
ASV_101,Fungi,Glomeromycota,Glomeromycetes,Paraglomerales,Paraglomeraceae,Paraglomus
ASV_102,Fungi,Glomeromycota,Glomeromycetes,Paraglomerales,Paraglomeraceae,Paraglomus
ASV_103,Fungi,Glomeromycota,Glomeromycetes,Diversisporales,Scutellosporaceae,Scutellospora
ASV_104,Fungi,Glomeromycota,Glomeromycetes,Paraglomerales,Paraglomeraceae,Paraglomus
ASV_105,Fungi,Glomeromycota,Glomeromycetes,Glomerales,Glomeraceae,Septoglomus
ASV_106,Fungi,Glomeromycota,Glomeromycetes,Paraglomerales,Paraglomeraceae,Paraglomus
ASV_107,Fungi,Glomeromycota,Glomeromycetes,Paraglomerales,Paraglomeraceae,Paraglomus
ASV_108,Fungi,Glomeromycota,Glomeromycetes,Paraglomerales,Paraglomeraceae,Paraglomus
ASV_109,Fungi,Glomeromycota,Glomeromycetes,Paraglomerales,Paraglomeraceae,Paraglomus
ASV_110,Fungi,Glomeromycota,Glomeromycetes,Paraglomerales,Paraglomeraceae,Paraglomus
ASV_111,Fungi,Glomeromycota,Glomeromycetes,Paraglomerales,Paraglomeraceae,Paraglomus
ASV_112,Fungi,Glomeromycota,Glomeromycetes,Paraglomerales,Paraglomeraceae,Paraglomus
ASV_113,Fungi,Glomeromycota,Glomeromycetes,Paraglomerales,Paraglomeraceae,Paraglomus
ASV_114,Fungi,Glomeromycota,Glomeromycetes,Paraglomerales,Paraglomeraceae,Paraglomus
ASV_115,Fungi,Glomeromycota,Glomeromycetes,Paraglomerales,Paraglomeraceae,Paraglomus
ASV_116,Fungi,Glomeromycota,Glomeromycetes,Paraglomerales,Paraglomeraceae,Paraglomus
ASV_117,Fungi,Glomeromycota,Glomeromycetes,Paraglomerales,Paraglomeraceae,Paraglomus
ASV_118,Fungi,Glomeromycota,Glomeromycetes,Diversisporales,Scutellosporaceae,Scutellospora
ASV_119,Fungi,Glomeromycota,Glomeromycetes,Paraglomerales,Paraglomeraceae,Paraglomus
ASV_120,Fungi,Glomeromycota,Glomeromycetes,Diversisporales,Acaulosporaceae,Acaulospora
ASV_121,Fungi,Glomeromycota,Glomeromycetes,Paraglomerales,Paraglomeraceae,Paraglomus
ASV_122,Fungi,Glomeromycota,Glomeromycetes,Paraglomerales,Paraglomeraceae,Paraglomus
ASV_123,Fungi,Glomeromycota,Glomeromycetes,Paraglomerales,Paraglomeraceae,Paraglomus
ASV_124,Fungi,Glomeromycota,Glomeromycetes,Paraglomerales,Paraglomeraceae,Paraglomus
ASV_125,Fungi,Glomeromycota,Glomeromycetes,Paraglomerales,Paraglomeraceae,Paraglomus
ASV_126,Fungi,Glomeromycota,Glomeromycetes,Glomerales,Glomeraceae,Septoglomus
ASV_127,Fungi,Glomeromycota,Glomeromycetes,Paraglomerales,Paraglomeraceae,Paraglomus
ASV_128,Fungi,Glomeromycota,Glomeromycetes,Glomerales,Glomeraceae,Septoglomus
ASV_129,Fungi,Glomeromycota,Glomeromycetes,Glomerales,Glomeraceae,Septoglomus
ASV_130,Fungi,Glomeromycota,Glomeromycetes,Paraglomerales,Paraglomeraceae,Paraglomus
ASV_131,Fungi,Glomeromycota,Glomeromycetes,Paraglomerales,Paraglomeraceae,Paraglomus
ASV_132,Fungi,Glomeromycota,Glomeromycetes,Paraglomerales,Paraglomeraceae,Paraglomus
ASV_133,Fungi,Glomeromycota,Glomeromycetes,Paraglomerales,Paraglomeraceae,Paraglomus
ASV_134,Fungi,Glomeromycota,Glomeromycetes,Paraglomerales,Paraglomeraceae,Paraglomus
ASV_135,Fungi,Glomeromycota,Glomeromycetes,Paraglomerales,Paraglomeraceae,Paraglomus
ASV_136,Fungi,Glomeromycota,Glomeromycetes,Paraglomerales,Paraglomeraceae,Paraglomus
ASV_137,Fungi,Glomeromycota,Glomeromycetes,Paraglomerales,Paraglomeraceae,Paraglomus
ASV_138,Fungi,Glomeromycota,Glomeromycetes,Paraglomerales,Paraglomeraceae,Paraglomus
ASV_139,Fungi,Glomeromycota,Glomeromycetes,Glomerales,Glomeraceae,Septoglomus
ASV_140,Fungi,Glomeromycota,Glomeromycetes,Paraglomerales,Paraglomeraceae,Paraglomus
ASV_141,Fungi,Glomeromycota,Glomeromycetes,Glomerales,Glomeraceae,Septoglomus
ASV_142,Fungi,Glomeromycota,Glomeromycetes,Diversisporales,Diversisporaceae,Diversispora
ASV_143,Fungi,Glomeromycota,Glomeromycetes,Paraglomerales,Paraglomeraceae,Paraglomus
ASV_144,Fungi,Glomeromycota,Glomeromycetes,Paraglomerales,Paraglomeraceae,Paraglomus
ASV_145,Fungi,Glomeromycota,Glomeromycetes,Glomerales,Glomeraceae,Glomus
ASV_146,Fungi,Glomeromycota,Glomeromycetes,Paraglomerales,Paraglomeraceae,Paraglomus
ASV_147,Fungi,Glomeromycota,Glomeromycetes,Diversisporales,Scutellosporaceae,Scutellospora
ASV_148,Fungi,Glomeromycota,Glomeromycetes,Diversisporales,Scutellosporaceae,Scutellospora
ASV_149,Fungi,Glomeromycota,Glomeromycetes,Diversisporales,Scutellosporaceae,Scutellospora
ASV_150,Fungi,Glomeromycota,Glomeromycetes,Paraglomerales,Paraglomeraceae,Paraglomus
ASV_151,Fungi,Glomeromycota,Glomeromycetes,Glomerales,Glomeraceae,Glomus
ASV_152,Fungi,Glomeromycota,Glomeromycetes,Glomerales,Glomeraceae,Septoglomus
ASV_153,Fungi,Glomeromycota,Glomeromycetes,Paraglomerales,Paraglomeraceae,Paraglomus
ASV_154,Fungi,Glomeromycota,Glomeromycetes,Paraglomerales,Paraglomeraceae,Paraglomus
ASV_155,Fungi,Glomeromycota,Glomeromycetes,Paraglomerales,Paraglomeraceae,Paraglomus
ASV_156,Fungi,Glomeromycota,Glomeromycetes,Paraglomerales,Paraglomeraceae,Paraglomus
ASV_157,Fungi,Glomeromycota,Glomeromycetes,Glomerales,Glomeraceae,Septoglomus
ASV_158,Fungi,Glomeromycota,Glomeromycetes,Paraglomerales,Paraglomeraceae,Paraglomus
ASV_159,Fungi,Glomeromycota,Glomeromycetes,Glomerales,Glomeraceae,Septoglomus
ASV_160,Fungi,Glomeromycota,Glomeromycetes,Glomerales,Glomeraceae,Septoglomus
ASV_161,Fungi,Glomeromycota,Glomeromycetes,Paraglomerales,Paraglomeraceae,Paraglomus
ASV_162,Fungi,Glomeromycota,Glomeromycetes,Glomerales,Glomeraceae,Septoglomus
ASV_163,Fungi,Glomeromycota,Glomeromycetes,Glomerales,Glomeraceae,Septoglomus
ASV_164,Fungi,Glomeromycota,Glomeromycetes,Diversisporales,Diversisporaceae,Diversispora
ASV_165,Fungi,Glomeromycota,Glomeromycetes,Paraglomerales,Paraglomeraceae,Paraglomus
ASV_166,Fungi,Glomeromycota,Glomeromycetes,Glomerales,Glomeraceae,Septoglomus
ASV_167,Fungi,Glomeromycota,Glomeromycetes,Glomerales,Glomeraceae,Glomus
ASV_168,Fungi,Glomeromycota,Glomeromycetes,Diversisporales,Diversisporaceae,Diversispora
ASV_169,Fungi,Glomeromycota,Glomeromycetes,Paraglomerales,Paraglomeraceae,Paraglomus
ASV_170,Fungi,Glomeromycota,Glomeromycetes,Paraglomerales,Paraglomeraceae,Paraglomus
ASV_171,Fungi,Glomeromycota,Glomeromycetes,Diversisporales,Acaulosporaceae,Acaulospora
ASV_172,Fungi,Glomeromycota,Glomeromycetes,Paraglomerales,Paraglomeraceae,Paraglomus
ASV_173,Fungi,Glomeromycota,Glomeromycetes,Diversisporales,Scutellosporaceae,Scutellospora
ASV_174,Fungi,Glomeromycota,Glomeromycetes,Glomerales,Glomeraceae,Septoglomus
ASV_175,Fungi,Glomeromycota,Glomeromycetes,Diversisporales,Diversisporaceae,Otospora
ASV_176,Fungi,Glomeromycota,Glomeromycetes,Glomerales,Glomeraceae,Septoglomus
ASV_177,,NA,NA,NA,NA,NA
ASV_178,Fungi,Glomeromycota,Glomeromycetes,Paraglomerales,Paraglomeraceae,Paraglomus
ASV_179,Fungi,Glomeromycota,Glomeromycetes,Glomerales,Glomeraceae,Septoglomus
ASV_180,Fungi,Glomeromycota,Glomeromycetes,Glomerales,Glomeraceae,Glomus
ASV_181,Fungi,Glomeromycota,Glomeromycetes,Paraglomerales,Paraglomeraceae,Paraglomus
ASV_182,Fungi,Glomeromycota,Glomeromycetes,Paraglomerales,Paraglomeraceae,Paraglomus
ASV_183,Fungi,Glomeromycota,Glomeromycetes,Diversisporales,Scutellosporaceae,Scutellospora
ASV_184,Fungi,Glomeromycota,Glomeromycetes,Paraglomerales,Paraglomeraceae,Paraglomus
ASV_185,Fungi,Glomeromycota,Glomeromycetes,Diversisporales,Scutellosporaceae,Scutellospora
ASV_186,Fungi,Glomeromycota,Glomeromycetes,Glomerales,Glomeraceae,Glomus
ASV_187,Fungi,Glomeromycota,Glomeromycetes,Paraglomerales,Paraglomeraceae,Paraglomus
ASV_188,Fungi,Glomeromycota,Glomeromycetes,Diversisporales,Diversisporaceae,Diversispora
ASV_189,Fungi,Glomeromycota,Glomeromycetes,Glomerales,Glomeraceae,Septoglomus
ASV_190,Fungi,Glomeromycota,Glomeromycetes,Paraglomerales,Paraglomeraceae,Paraglomus
ASV_191,Fungi,Glomeromycota,Glomeromycetes,Glomerales,Glomeraceae,Septoglomus
ASV_192,Fungi,Glomeromycota,Glomeromycetes,Glomerales,Glomeraceae,Septoglomus
ASV_193,Fungi,Glomeromycota,Glomeromycetes,Glomerales,Glomeraceae,Septoglomus
ASV_194,Fungi,Glomeromycota,Glomeromycetes,Glomerales,Glomeraceae,Septoglomus
ASV_195,Fungi,Glomeromycota,Glomeromycetes,Paraglomerales,Paraglomeraceae,Paraglomus
ASV_196,Fungi,Glomeromycota,Glomeromycetes,Paraglomerales,Paraglomeraceae,Paraglomus
ASV_197,Fungi,Glomeromycota,Glomeromycetes,Glomerales,Glomeraceae,Septoglomus
ASV_198,Fungi,Glomeromycota,Glomeromycetes,Glomerales,Glomeraceae,Septoglomus
ASV_199,Fungi,Glomeromycota,Glomeromycetes,Glomerales,Glomeraceae,Septoglomus
ASV_200,Fungi,Glomeromycota,Glomeromycetes,Paraglomerales,Paraglomeraceae,Paraglomus
ASV_201,Fungi,Glomeromycota,Glomeromycetes,Glomerales,Glomeraceae,Septoglomus
ASV_202,Fungi,Glomeromycota,Glomeromycetes,Diversisporales,Scutellosporaceae,Scutellospora
ASV_203,Fungi,Glomeromycota,Glomeromycetes,Glomerales,Glomeraceae,Septoglomus
ASV_204,Fungi,Glomeromycota,Glomeromycetes,Paraglomerales,Paraglomeraceae,Paraglomus
ASV_205,Fungi,Glomeromycota,Glomeromycetes,Paraglomerales,Paraglomeraceae,Paraglomus
ASV_206,Fungi,Glomeromycota,Glomeromycetes,Glomerales,Glomeraceae,Septoglomus
ASV_207,Fungi,Glomeromycota,Glomeromycetes,Diversisporales,Diversisporaceae,Diversispora
ASV_208,Fungi,Glomeromycota,Glomeromycetes,Paraglomerales,Paraglomeraceae,Paraglomus
ASV_209,Fungi,Glomeromycota,Glomeromycetes,Glomerales,Glomeraceae,Septoglomus
ASV_210,Fungi,Glomeromycota,Glomeromycetes,Paraglomerales,Paraglomeraceae,Paraglomus
ASV_211,Fungi,Glomeromycota,Glomeromycetes,Paraglomerales,Paraglomeraceae,Paraglomus
ASV_212,Fungi,Glomeromycota,Glomeromycetes,Glomerales,Glomeraceae,Septoglomus
ASV_213,Fungi,Glomeromycota,Glomeromycetes,Glomerales,Glomeraceae,Septoglomus
ASV_214,Fungi,Glomeromycota,Glomeromycetes,Paraglomerales,Paraglomeraceae,Paraglomus
ASV_215,Fungi,Glomeromycota,Archaeosporomycetes,Archaeosporales,Archaeosporaceae,Archaeospora
ASV_216,Fungi,Glomeromycota,Glomeromycetes,Glomerales,Glomeraceae,Septoglomus
ASV_217,Fungi,Glomeromycota,Glomeromycetes,Paraglomerales,Paraglomeraceae,Paraglomus
ASV_218,Fungi,Glomeromycota,Glomeromycetes,Glomerales,Glomeraceae,Septoglomus
ASV_219,Fungi,Glomeromycota,Glomeromycetes,Paraglomerales,Paraglomeraceae,Paraglomus
ASV_220,Fungi,Glomeromycota,Glomeromycetes,Glomerales,Glomeraceae,Septoglomus
ASV_221,Fungi,Glomeromycota,Glomeromycetes,Glomerales,Glomeraceae,Septoglomus
ASV_222,Fungi,Glomeromycota,Glomeromycetes,Glomerales,Glomeraceae,Septoglomus
ASV_223,Fungi,Glomeromycota,Glomeromycetes,Diversisporales,Scutellosporaceae,Scutellospora
ASV_224,Fungi,Glomeromycota,Glomeromycetes,Glomerales,Glomeraceae,Septoglomus
ASV_225,Fungi,Glomeromycota,Glomeromycetes,Glomerales,Glomeraceae,Glomus
ASV_226,Fungi,Glomeromycota,Glomeromycetes,Diversisporales,Diversisporaceae,Diversispora
ASV_227,Fungi,Glomeromycota,Glomeromycetes,Glomerales,Glomeraceae,Septoglomus
ASV_228,Fungi,Glomeromycota,Glomeromycetes,Diversisporales,Scutellosporaceae,Scutellospora
ASV_229,Fungi,Glomeromycota,Glomeromycetes,Paraglomerales,Paraglomeraceae,Paraglomus
ASV_230,Fungi,Glomeromycota,Glomeromycetes,Glomerales,Glomeraceae,Septoglomus
ASV_231,Fungi,Glomeromycota,Glomeromycetes,Paraglomerales,Paraglomeraceae,Paraglomus
ASV_232,Fungi,Glomeromycota,Glomeromycetes,Glomerales,Glomeraceae,Septoglomus
ASV_233,Fungi,Glomeromycota,Glomeromycetes,Paraglomerales,Paraglomeraceae,Paraglomus
ASV_234,Fungi,Glomeromycota,Glomeromycetes,Paraglomerales,Paraglomeraceae,Paraglomus
ASV_235,Fungi,Glomeromycota,Glomeromycetes,Diversisporales,Scutellosporaceae,Scutellospora
ASV_236,Fungi,Glomeromycota,Glomeromycetes,Paraglomerales,Paraglomeraceae,Paraglomus
ASV_237,Fungi,Glomeromycota,Glomeromycetes,Paraglomerales,Paraglomeraceae,Paraglomus
ASV_238,Fungi,Glomeromycota,Glomeromycetes,Paraglomerales,Paraglomeraceae,Paraglomus
ASV_239,Fungi,Glomeromycota,Glomeromycetes,Glomerales,Glomeraceae,Septoglomus
ASV_240,Fungi,Glomeromycota,Glomeromycetes,Glomerales,Glomeraceae,Glomeraceae_incertae_sedis
ASV_241,Fungi,Glomeromycota,Glomeromycetes,Glomerales,Glomeraceae,Septoglomus
ASV_242,Fungi,Glomeromycota,Glomeromycetes,Paraglomerales,Paraglomeraceae,Paraglomus
ASV_243,Fungi,Glomeromycota,Archaeosporomycetes,Archaeosporales,Archaeosporaceae,Archaeospora
ASV_244,Fungi,Glomeromycota,Glomeromycetes,Paraglomerales,Paraglomeraceae,Paraglomus
ASV_245,Fungi,Glomeromycota,Glomeromycetes,Paraglomerales,Paraglomeraceae,Paraglomus
ASV_246,Fungi,Glomeromycota,Glomeromycetes,Glomerales,Glomeraceae,Septoglomus
ASV_247,Fungi,Glomeromycota,Glomeromycetes,Glomerales,Glomeraceae,Septoglomus
ASV_248,Fungi,Glomeromycota,Glomeromycetes,Glomerales,Glomeraceae,Septoglomus
ASV_249,Fungi,Glomeromycota,Glomeromycetes,Glomerales,Glomeraceae,Septoglomus
ASV_250,Fungi,Glomeromycota,Glomeromycetes,Paraglomerales,Paraglomeraceae,Paraglomus
ASV_251,Fungi,Glomeromycota,Glomeromycetes,Diversisporales,Acaulosporaceae,Acaulospora
ASV_252,Fungi,Glomeromycota,Glomeromycetes,Glomerales,Glomeraceae,Septoglomus
ASV_253,Fungi,Glomeromycota,Glomeromycetes,Glomerales,Glomeraceae,Septoglomus
ASV_254,Fungi,Glomeromycota,Glomeromycetes,Glomerales,Glomeraceae,Septoglomus
ASV_255,Fungi,Glomeromycota,Glomeromycetes,Glomerales,Glomeraceae,Glomeraceae_incertae_sedis
ASV_256,Fungi,Glomeromycota,Glomeromycetes,Paraglomerales,Paraglomeraceae,Paraglomus
ASV_257,Fungi,Glomeromycota,Glomeromycetes,Glomerales,Claroideoglomeraceae,Claroideoglomus
ASV_258,Fungi,Glomeromycota,Glomeromycetes,Paraglomerales,Paraglomeraceae,Paraglomus
ASV_259,Fungi,Glomeromycota,Glomeromycetes,Paraglomerales,Paraglomeraceae,Paraglomus
ASV_260,Fungi,Glomeromycota,Glomeromycetes,Glomerales,Glomeraceae,Septoglomus
ASV_261,Fungi,Glomeromycota,Glomeromycetes,Diversisporales,Diversisporaceae,Otospora
ASV_262,Fungi,Glomeromycota,Glomeromycetes,Paraglomerales,Paraglomeraceae,Paraglomus
ASV_263,Fungi,Glomeromycota,Glomeromycetes,Paraglomerales,Paraglomeraceae,Paraglomus
ASV_264,Fungi,Glomeromycota,Glomeromycetes,Glomerales,Glomeraceae,Septoglomus
ASV_265,Fungi,Glomeromycota,Glomeromycetes,Paraglomerales,Paraglomeraceae,Paraglomus
ASV_266,Fungi,Glomeromycota,Glomeromycetes,Diversisporales,Scutellosporaceae,Scutellospora
ASV_267,,NA,NA,NA,NA,NA
ASV_268,Fungi,Glomeromycota,Glomeromycetes,Glomerales,Glomeraceae,Septoglomus
ASV_269,Fungi,Glomeromycota,Glomeromycetes,Glomerales,Claroideoglomeraceae,Claroideoglomus
ASV_270,Fungi,Glomeromycota,Glomeromycetes,Glomerales,Glomeraceae,Septoglomus
ASV_271,Fungi,Glomeromycota,Glomeromycetes,Glomerales,Glomeraceae,Septoglomus
ASV_272,Fungi,Glomeromycota,Glomeromycetes,Paraglomerales,Paraglomeraceae,Paraglomus
ASV_273,Fungi,Glomeromycota,Glomeromycetes,Paraglomerales,Paraglomeraceae,Paraglomus
ASV_274,Fungi,Glomeromycota,Glomeromycetes,Glomerales,Glomeraceae,Septoglomus
ASV_275,Fungi,Glomeromycota,Glomeromycetes,Diversisporales,Scutellosporaceae,Scutellospora
ASV_276,Fungi,Glomeromycota,Glomeromycetes,Paraglomerales,Paraglomeraceae,Paraglomus
ASV_277,Fungi,Glomeromycota,Glomeromycetes,Paraglomerales,Paraglomeraceae,Paraglomus
ASV_278,Fungi,Glomeromycota,Glomeromycetes,Glomerales,Glomeraceae,Septoglomus
ASV_279,Fungi,Glomeromycota,Glomeromycetes,Glomerales,Glomeraceae,Septoglomus
ASV_280,Fungi,Glomeromycota,Glomeromycetes,Glomerales,Glomeraceae,Septoglomus
ASV_281,Fungi,Glomeromycota,Glomeromycetes,Paraglomerales,Paraglomeraceae,Paraglomus
ASV_282,Fungi,Glomeromycota,Archaeosporomycetes,Archaeosporales,Ambisporaceae,Ambisporaceae_incertae_sedis
ASV_283,Fungi,Glomeromycota,Glomeromycetes,Paraglomerales,Paraglomeraceae,Paraglomus
ASV_284,Fungi,Glomeromycota,Glomeromycetes,Glomerales,Glomeraceae,Septoglomus
ASV_285,Fungi,Glomeromycota,Glomeromycetes,Glomerales,Glomeraceae,Septoglomus
ASV_286,Fungi,Glomeromycota,Glomeromycetes,Glomerales,Glomeraceae,Septoglomus
ASV_287,Fungi,Glomeromycota,Glomeromycetes,Paraglomerales,Paraglomeraceae,Paraglomus
ASV_288,Fungi,Glomeromycota,Glomeromycetes,Paraglomerales,Paraglomeraceae,Paraglomus
ASV_289,Fungi,Glomeromycota,Glomeromycetes,Glomerales,Glomeraceae,Septoglomus
ASV_290,Fungi,Glomeromycota,Glomeromycetes,Glomerales,Glomeraceae,Septoglomus
ASV_291,Fungi,Glomeromycota,Glomeromycetes,Diversisporales,Diversisporaceae,Diversispora
ASV_292,Fungi,Glomeromycota,Glomeromycetes,Glomerales,Glomeraceae,Septoglomus
ASV_293,Fungi,Glomeromycota,Glomeromycetes,Paraglomerales,Paraglomeraceae,Paraglomus
ASV_294,,NA,NA,NA,NA,NA
ASV_295,Fungi,Glomeromycota,Glomeromycetes,Paraglomerales,Paraglomeraceae,Paraglomus
ASV_296,Fungi,Glomeromycota,Glomeromycetes,Glomerales,Glomeraceae,Glomeraceae_incertae_sedis
ASV_297,Fungi,Glomeromycota,Glomeromycetes,Paraglomerales,Paraglomeraceae,Paraglomus
ASV_298,Fungi,Glomeromycota,Glomeromycetes,Paraglomerales,Paraglomeraceae,Paraglomus
ASV_299,Fungi,Glomeromycota,Glomeromycetes,Glomerales,Glomeraceae,Septoglomus
ASV_300,Fungi,Glomeromycota,Glomeromycetes,Paraglomerales,Paraglomeraceae,Paraglomus
ASV_301,Fungi,Glomeromycota,Glomeromycetes,Glomerales,Glomeraceae,Septoglomus
ASV_302,Fungi,Glomeromycota,Glomeromycetes,Glomerales,Glomeraceae,Septoglomus
ASV_303,Fungi,Glomeromycota,Glomeromycetes,Paraglomerales,Paraglomeraceae,Paraglomus
ASV_304,Fungi,Glomeromycota,Glomeromycetes,Paraglomerales,Paraglomeraceae,Paraglomus
ASV_305,Fungi,Glomeromycota,Glomeromycetes,Glomerales,Glomeraceae,Septoglomus
ASV_306,Fungi,Glomeromycota,Glomeromycetes,Glomerales,Glomeraceae,Rhizophagus
ASV_307,Fungi,Glomeromycota,Glomeromycetes,Glomerales,Glomeraceae,Septoglomus
ASV_308,Fungi,Glomeromycota,Glomeromycetes,Glomerales,Glomeraceae,Septoglomus
ASV_309,Fungi,Glomeromycota,Glomeromycetes,Glomerales,Glomeraceae,Septoglomus
ASV_310,Fungi,Glomeromycota,Glomeromycetes,Diversisporales,Diversisporaceae,Diversispora
ASV_311,Fungi,Glomeromycota,Glomeromycetes,Diversisporales,Acaulosporaceae,Acaulospora
ASV_312,Fungi,Glomeromycota,Glomeromycetes,Glomerales,Glomeraceae,Rhizophagus
ASV_313,Fungi,Glomeromycota,Glomeromycetes,Glomerales,Glomeraceae,Septoglomus
ASV_314,Fungi,Glomeromycota,Glomeromycetes,Glomerales,Glomeraceae,Septoglomus
ASV_315,Fungi,Glomeromycota,Glomeromycetes,Glomerales,Glomeraceae,Septoglomus
ASV_316,Fungi,Glomeromycota,Glomeromycetes,Glomerales,Glomeraceae,Septoglomus
ASV_317,Fungi,Glomeromycota,Glomeromycetes,Diversisporales,Gigasporaceae,Gigaspora
ASV_318,Fungi,Glomeromycota,Glomeromycetes,Glomerales,Glomeraceae,Septoglomus
ASV_319,Fungi,Glomeromycota,Glomeromycetes,Glomerales,Glomeraceae,Septoglomus
ASV_320,Fungi,Glomeromycota,Glomeromycetes,Paraglomerales,Paraglomeraceae,Paraglomus
ASV_321,Fungi,Glomeromycota,Glomeromycetes,Diversisporales,Scutellosporaceae,Scutellospora
ASV_322,Fungi,Glomeromycota,Glomeromycetes,Glomerales,Glomeraceae,Septoglomus
ASV_323,Fungi,Glomeromycota,Glomeromycetes,Paraglomerales,Paraglomeraceae,Paraglomus
ASV_324,Fungi,Glomeromycota,Glomeromycetes,Diversisporales,Diversisporaceae,Diversispora
ASV_325,Fungi,Glomeromycota,Glomeromycetes,Glomerales,Glomeraceae,Septoglomus
ASV_326,Fungi,Glomeromycota,Glomeromycetes,Glomerales,Glomeraceae,Septoglomus
ASV_327,Fungi,Glomeromycota,Glomeromycetes,Paraglomerales,Paraglomeraceae,Paraglomus
ASV_328,Fungi,Glomeromycota,Glomeromycetes,Diversisporales,Scutellosporaceae,Scutellospora
ASV_329,Fungi,Glomeromycota,Glomeromycetes,Paraglomerales,Paraglomeraceae,Paraglomus
ASV_330,Fungi,Glomeromycota,Glomeromycetes,Diversisporales,Acaulosporaceae,Acaulospora
ASV_331,Fungi,Glomeromycota,Glomeromycetes,Glomerales,Glomeraceae,Septoglomus
ASV_332,Fungi,Glomeromycota,Glomeromycetes,Glomerales,Glomeraceae,Rhizophagus
ASV_333,Fungi,Glomeromycota,Glomeromycetes,Paraglomerales,Paraglomeraceae,Paraglomus
ASV_334,Fungi,Glomeromycota,Glomeromycetes,Paraglomerales,Paraglomeraceae,Paraglomus
ASV_335,Fungi,Glomeromycota,Glomeromycetes,Glomerales,Glomeraceae,Septoglomus
ASV_336,Fungi,Glomeromycota,Glomeromycetes,Glomerales,Glomeraceae,Septoglomus
ASV_337,,NA,NA,NA,NA,NA
ASV_338,Fungi,Glomeromycota,Glomeromycetes,Paraglomerales,Paraglomeraceae,Paraglomus
ASV_339,Fungi,Glomeromycota,Glomeromycetes,Paraglomerales,Paraglomeraceae,Paraglomus
ASV_340,Fungi,Glomeromycota,Glomeromycetes,Glomerales,Glomeraceae,Septoglomus
ASV_341,Fungi,Glomeromycota,Glomeromycetes,Diversisporales,Diversisporaceae,Diversispora
ASV_342,Fungi,Glomeromycota,Glomeromycetes,Diversisporales,Scutellosporaceae,Scutellospora
ASV_343,Fungi,Glomeromycota,Glomeromycetes,Paraglomerales,Paraglomeraceae,Paraglomus
ASV_344,Fungi,Glomeromycota,Glomeromycetes,Paraglomerales,Paraglomeraceae,Paraglomus
ASV_345,Fungi,Glomeromycota,Glomeromycetes,Glomerales,Glomeraceae,Septoglomus
ASV_346,Fungi,Glomeromycota,Glomeromycetes,Paraglomerales,Paraglomeraceae,Paraglomus
ASV_347,Fungi,Glomeromycota,Glomeromycetes,Diversisporales,Scutellosporaceae,Scutellospora
ASV_348,Fungi,Glomeromycota,Glomeromycetes,Glomerales,Glomeraceae,Septoglomus
ASV_349,Fungi,Glomeromycota,Glomeromycetes,Diversisporales,Diversisporaceae,Otospora
ASV_350,Fungi,Glomeromycota,Glomeromycetes,Glomerales,Glomeraceae,Septoglomus
ASV_351,Fungi,Glomeromycota,Glomeromycetes,Diversisporales,Scutellosporaceae,Scutellospora
ASV_352,Fungi,Glomeromycota,Glomeromycetes,Glomerales,Glomeraceae,Septoglomus
ASV_353,Fungi,Glomeromycota,Glomeromycetes,Paraglomerales,Paraglomeraceae,Paraglomus
ASV_354,Fungi,Glomeromycota,Glomeromycetes,Paraglomerales,Paraglomeraceae,Paraglomus
ASV_355,Fungi,Glomeromycota,Glomeromycetes,Paraglomerales,Paraglomeraceae,Paraglomus
ASV_356,Fungi,Glomeromycota,Glomeromycetes,Paraglomerales,Paraglomeraceae,Paraglomus
ASV_357,Fungi,Glomeromycota,Glomeromycetes,Glomerales,Glomeraceae,Septoglomus
ASV_358,Fungi,Glomeromycota,Glomeromycetes,Glomerales,Glomeraceae,Septoglomus
ASV_359,Fungi,Glomeromycota,Glomeromycetes,Glomerales,Glomeraceae,Septoglomus
ASV_360,Fungi,Glomeromycota,Glomeromycetes,Paraglomerales,Paraglomeraceae,Paraglomus
ASV_361,Fungi,Glomeromycota,Glomeromycetes,Diversisporales,Gigasporaceae,Gigaspora
ASV_362,Fungi,Glomeromycota,Glomeromycetes,Glomerales,Glomeraceae,Septoglomus
ASV_363,Fungi,Glomeromycota,Glomeromycetes,Glomerales,Glomeraceae,Septoglomus
ASV_364,Fungi,Glomeromycota,Glomeromycetes,Diversisporales,Diversisporaceae,Diversispora
ASV_365,Fungi,Glomeromycota,Glomeromycetes,Diversisporales,Gigasporaceae,Gigaspora
ASV_366,Fungi,Glomeromycota,Glomeromycetes,Diversisporales,Scutellosporaceae,Scutellospora
ASV_367,,NA,NA,NA,NA,NA
ASV_368,Fungi,Glomeromycota,Glomeromycetes,Glomerales,Glomeraceae,Septoglomus
ASV_369,Fungi,Glomeromycota,Glomeromycetes,Glomerales,Glomeraceae,Septoglomus
ASV_370,Fungi,Glomeromycota,Glomeromycetes,Glomerales,Glomeraceae,NA
ASV_371,Fungi,Glomeromycota,Glomeromycetes,Glomerales,Glomeraceae,NA
ASV_372,Fungi,Glomeromycota,Glomeromycetes,Glomerales,Glomeraceae,Rhizophagus
ASV_373,Fungi,Glomeromycota,Glomeromycetes,Glomerales,Glomeraceae,Septoglomus
ASV_374,Fungi,Glomeromycota,Glomeromycetes,Glomerales,Glomeraceae,Septoglomus
ASV_375,Fungi,Glomeromycota,Glomeromycetes,Paraglomerales,Paraglomeraceae,Paraglomus
ASV_376,Fungi,Glomeromycota,Glomeromycetes,Glomerales,Glomeraceae,Septoglomus
ASV_377,Fungi,Glomeromycota,Glomeromycetes,Diversisporales,Scutellosporaceae,Scutellospora
ASV_378,Fungi,Glomeromycota,Glomeromycetes,Glomerales,Glomeraceae,Rhizophagus
ASV_379,Fungi,Glomeromycota,Glomeromycetes,Diversisporales,Scutellosporaceae,Scutellospora
ASV_380,Fungi,Glomeromycota,Glomeromycetes,Glomerales,Claroideoglomeraceae,Claroideoglomus
ASV_381,Fungi,Glomeromycota,Glomeromycetes,Diversisporales,Diversisporaceae,Diversispora
ASV_382,Fungi,Glomeromycota,Glomeromycetes,Diversisporales,Diversisporaceae,Otospora
ASV_383,Fungi,Glomeromycota,Glomeromycetes,Glomerales,Glomeraceae,Funneliformis
ASV_384,Fungi,Glomeromycota,Glomeromycetes,Paraglomerales,Paraglomeraceae,Paraglomus
ASV_385,Fungi,Glomeromycota,Glomeromycetes,Glomerales,Glomeraceae,Septoglomus
ASV_386,Fungi,Glomeromycota,Glomeromycetes,Paraglomerales,Paraglomeraceae,Paraglomus
ASV_387,Fungi,Glomeromycota,Glomeromycetes,Diversisporales,Gigasporaceae,Gigaspora
ASV_388,,NA,NA,NA,NA,NA
ASV_389,Fungi,Glomeromycota,Glomeromycetes,Glomerales,Glomeraceae,Septoglomus
ASV_390,Fungi,Glomeromycota,Glomeromycetes,Glomerales,Glomeraceae,Septoglomus
ASV_391,Fungi,Glomeromycota,Glomeromycetes,Glomerales,Glomeraceae,Septoglomus
ASV_392,Fungi,Glomeromycota,Glomeromycetes,Glomerales,Glomeraceae,Septoglomus
ASV_393,Fungi,Glomeromycota,Glomeromycetes,Diversisporales,Diversisporaceae,Diversispora
ASV_394,Fungi,Glomeromycota,Glomeromycetes,Diversisporales,Scutellosporaceae,Scutellospora
ASV_395,Fungi,Glomeromycota,Glomeromycetes,Glomerales,Glomeraceae,NA
ASV_396,Fungi,Glomeromycota,Glomeromycetes,Diversisporales,Diversisporaceae,Diversispora
ASV_397,Fungi,Glomeromycota,Glomeromycetes,Paraglomerales,Paraglomeraceae,Paraglomus
ASV_398,Fungi,Glomeromycota,Glomeromycetes,Glomerales,Glomeraceae,Glomeraceae_incertae_sedis
ASV_399,Fungi,Glomeromycota,Glomeromycetes,Paraglomerales,Paraglomeraceae,Paraglomus
ASV_400,Fungi,Glomeromycota,Glomeromycetes,Glomerales,Glomeraceae,Rhizophagus
ASV_401,Fungi,Glomeromycota,Glomeromycetes,Diversisporales,Scutellosporaceae,Scutellospora
ASV_402,Fungi,Glomeromycota,Glomeromycetes,Diversisporales,Diversisporaceae,Diversispora
ASV_403,Fungi,Glomeromycota,Glomeromycetes,Glomerales,Glomeraceae,Funneliformis
ASV_404,Fungi,Glomeromycota,Glomeromycetes,Paraglomerales,Paraglomeraceae,Paraglomus
ASV_405,Fungi,Glomeromycota,Glomeromycetes,Glomerales,Glomeraceae,Septoglomus
ASV_406,Fungi,Glomeromycota,Glomeromycetes,Glomerales,Glomeraceae,NA
ASV_407,Fungi,Glomeromycota,Glomeromycetes,Diversisporales,Diversisporaceae,Diversispora
ASV_408,Fungi,Glomeromycota,Glomeromycetes,Paraglomerales,Paraglomeraceae,Paraglomus
ASV_409,Fungi,Glomeromycota,Glomeromycetes,Diversisporales,Diversisporaceae,Diversispora
ASV_410,Fungi,Glomeromycota,Glomeromycetes,Diversisporales,Diversisporaceae,Diversispora
ASV_411,Fungi,Glomeromycota,Glomeromycetes,Diversisporales,Scutellosporaceae,Scutellospora
ASV_412,Fungi,Glomeromycota,Archaeosporomycetes,Archaeosporales,Ambisporaceae,Ambisporaceae_incertae_sedis
ASV_413,Fungi,Glomeromycota,Glomeromycetes,Glomerales,Glomeraceae,Septoglomus
ASV_414,Fungi,Glomeromycota,Glomeromycetes,Paraglomerales,Paraglomeraceae,Paraglomus
ASV_415,Fungi,Glomeromycota,Archaeosporomycetes,Archaeosporales,Archaeosporaceae,Archaeospora
ASV_416,Fungi,Glomeromycota,Glomeromycetes,Glomerales,Glomeraceae,Septoglomus
ASV_417,Fungi,Glomeromycota,Glomeromycetes,Glomerales,Glomeraceae,Septoglomus
ASV_418,Fungi,Glomeromycota,Glomeromycetes,Glomerales,Glomeraceae,Septoglomus
ASV_419,Fungi,Glomeromycota,Glomeromycetes,Glomerales,Glomeraceae,Glomus
ASV_420,Fungi,Glomeromycota,Glomeromycetes,Glomerales,Glomeraceae,Glomus
ASV_421,Fungi,Glomeromycota,Glomeromycetes,Glomerales,Claroideoglomeraceae,Claroideoglomus
ASV_422,Fungi,Glomeromycota,Glomeromycetes,Glomerales,Glomeraceae,Septoglomus
ASV_423,Fungi,Glomeromycota,Glomeromycetes,Paraglomerales,Paraglomeraceae,Paraglomus
ASV_424,,NA,NA,NA,NA,NA
ASV_425,Fungi,Glomeromycota,Glomeromycetes,Glomerales,Glomeraceae,Septoglomus
ASV_426,Fungi,Glomeromycota,Glomeromycetes,Glomerales,Glomeraceae,Rhizophagus
ASV_427,Fungi,Glomeromycota,Glomeromycetes,Paraglomerales,Paraglomeraceae,Paraglomus
ASV_428,Fungi,Glomeromycota,Glomeromycetes,Glomerales,Glomeraceae,Septoglomus
ASV_429,Fungi,Glomeromycota,Glomeromycetes,Diversisporales,Diversisporaceae,Diversispora
ASV_430,Fungi,Glomeromycota,Glomeromycetes,Paraglomerales,Paraglomeraceae,Paraglomus
ASV_431,Fungi,Glomeromycota,Glomeromycetes,Glomerales,Glomeraceae,Rhizophagus
ASV_432,Fungi,Glomeromycota,Glomeromycetes,Glomerales,Glomeraceae,Septoglomus
ASV_433,Fungi,Glomeromycota,Glomeromycetes,Glomerales,Glomeraceae,Glomus
ASV_434,Fungi,Glomeromycota,Glomeromycetes,Diversisporales,Diversisporaceae,Diversispora
ASV_435,Fungi,Glomeromycota,Glomeromycetes,Glomerales,Glomeraceae,NA
ASV_436,,NA,NA,NA,NA,NA
